Date,NAV,BENCH
2015-01-05,1500.0,2020.58
2015-01-06,1473.9328,2002.61
2015-01-07,1491.2918,2025.9
2015-01-08,1529.8977,2062.14
2015-01-09,1510.2861,2044.81
2015-01-12,1504.6217,2028.26
2015-01-13,1517.4438,2023.03
2015-01-14,1499.8427,2011.27
2015-01-15,1503.7448,1992.67
2015-01-16,1531.4753,2019.42
2015-01-19,1536.543,2019.42
2015-01-20,1556.2518,2022.55
2015-01-21,1564.1614,2032.12
2015-01-22,1623.7638,2063.15
2015-01-23,1652.2645,2051.82
2015-01-26,1666.2604,2057.09
2015-01-27,1632.8351,2029.55
2015-01-28,1649.743,2002.16
2015-01-29,1666.3676,2021.25
2015-01-30,1644.1682,1994.99
2015-02-02,1635.9003,2020.85
2015-02-03,1640.8103,2050.03
2015-02-04,1664.6757,2041.51
2015-02-05,1657.8691,2062.52
2015-02-06,1661.1092,2055.47
2015-02-09,1636.9968,2046.74
2015-02-10,1682.9318,2068.59
2015-02-11,1686.1028,2068.53
2015-02-12,1705.4645,2088.48
2015-02-13,1707.0287,2096.99
2015-02-16,1710.2006,2096.99
2015-02-17,1708.4667,2100.34
2015-02-18,1719.439,2099.68
2015-02-19,1736.8913,2097.45
2015-02-20,1743.5212,2110.3
2015-02-23,1759.4011,2109.66
2015-02-24,1758.9974,2115.48
2015-02-25,1751.9675,2113.86
2015-02-26,1798.9168,2110.74
2015-02-27,1797.6876,2104.5
2015-03-02,1811.7476,2117.39
2015-03-03,1782.2302,2107.78
2015-03-04,1800.133,2098.53
2015-03-05,1811.9729,2101.04
2015-03-06,1806.2777,2071.26
2015-03-09,1804.7812,2079.43
2015-03-10,1801.7077,2044.16
2015-03-11,1841.6497,2040.24
2015-03-12,1850.0105,2065.95
2015-03-13,1863.6873,2053.4
2015-03-16,1882.9038,2081.19
2015-03-17,1856.6138,2074.28
2015-03-18,1839.6325,2099.5
2015-03-19,1869.7907,2089.27
2015-03-20,1864.5443,2108.1
2015-03-23,1840.5066,2104.42
2015-03-24,1839.9343,2091.5
2015-03-25,1794.8863,2061.05
2015-03-26,1791.2299,2056.15
2015-03-27,1799.213,2061.02
2015-03-30,1824.752,2086.24
2015-03-31,1823.045,2067.89
2015-04-01,1816.7508,2059.69
2015-04-02,1804.4098,2066.96
2015-04-06,1795.8107,2080.62
2015-04-07,1805.7472,2076.33
2015-04-08,1824.3712,2081.9
2015-04-09,1851.705,2091.18
2015-04-10,1861.6031,2102.06
2015-04-13,1861.4129,2092.43
2015-04-14,1834.9382,2095.84
2015-04-15,1834.1489,2106.63
2015-04-16,1816.1872,2104.99
2015-04-17,1786.4446,2081.18
2015-04-20,1802.9883,2100.4
2015-04-21,1819.4696,2097.29
2015-04-22,1824.7796,2107.96
2015-04-23,1806.5465,2112.93
2015-04-24,1807.3527,2117.69
2015-04-27,1807.3651,2108.92
2015-04-28,1770.9463,2114.76
2015-04-29,1732.8056,2106.85
2015-04-30,1709.3965,2085.51
2015-05-01,1727.0328,2108.29
2015-05-04,1731.1673,2114.49
2015-05-05,1692.5463,2089.46
2015-05-06,1671.8377,2080.15
2015-05-07,1704.7678,2088.0
2015-05-08,1737.7094,2116.1
2015-05-11,1750.2221,2105.33
2015-05-12,1720.1075,2099.12
2015-05-13,1711.2735,2098.48
2015-05-14,1730.0231,2121.1
2015-05-15,1722.4174,2122.73
2015-05-18,1749.6692,2129.2
2015-05-19,1781.3112,2127.83
2015-05-20,1779.1965,2125.85
2015-05-21,1776.5837,2130.82
2015-05-22,1784.1121,2126.06
2015-05-25,1771.7883,2126.06
2015-05-26,1785.7416,2104.2
2015-05-27,1825.2137,2123.48
2015-05-28,1813.7888,2120.79
2015-05-29,1794.1728,2107.39
2015-06-01,1808.8029,2111.73
2015-06-02,1783.8391,2109.6
2015-06-03,1774.973,2114.07
2015-06-04,1765.6731,2095.84
2015-06-05,1768.0265,2092.83
2015-06-08,1731.7037,2079.28
2015-06-09,1732.1005,2080.15
2015-06-10,1753.6715,2105.2
2015-06-11,1768.0343,2108.86
2015-06-12,1757.8531,2094.11
2015-06-15,1730.0949,2084.43
2015-06-16,1741.977,2096.29
2015-06-17,1722.5105,2100.44
2015-06-18,1739.7494,2121.24
2015-06-19,1751.2028,2109.99
2015-06-22,1790.7622,2122.85
2015-06-23,1809.1892,2124.2
2015-06-24,1792.3124,2108.58
2015-06-25,1800.8109,2102.31
2015-06-26,1800.8539,2101.49
2015-06-29,1739.9542,2057.64
2015-06-30,1745.9302,2063.11
2015-07-01,1784.8254,2077.42
2015-07-02,1766.8423,2076.78
2015-07-03,1764.4801,2076.78
2015-07-06,1744.5098,2068.76
2015-07-07,1730.8626,2081.34
2015-07-08,1706.6918,2046.68
2015-07-09,1739.0277,2051.31
2015-07-10,1779.0544,2076.62
2015-07-13,1814.3569,2099.6
2015-07-14,1823.3803,2108.95
2015-07-15,1837.2296,2107.4
2015-07-16,1871.2375,2124.29
2015-07-17,1879.4904,2126.64
2015-07-20,1895.6943,2128.28
2015-07-21,1865.0895,2119.21
2015-07-22,1855.1532,2114.15
2015-07-23,1839.3685,2102.15
2015-07-24,1820.6267,2079.65
2015-07-27,1758.1742,2067.64
2015-07-28,1784.2415,2093.25
2015-07-29,1803.0486,2108.57
2015-07-30,1813.6995,2108.63
2015-07-31,1815.1646,2103.84
2015-08-03,1828.0346,2098.04
2015-08-04,1833.8187,2093.32
2015-08-05,1857.9618,2099.84
2015-08-06,1838.2547,2083.56
2015-08-07,1826.8618,2077.57
2015-08-10,1843.5242,2104.18
2015-08-11,1816.418,2084.07
2015-08-12,1768.6236,2086.05
2015-08-13,1782.0955,2083.39
2015-08-14,1789.8142,2091.54
2015-08-17,1803.8161,2102.44
2015-08-18,1804.3102,2096.92
2015-08-19,1774.5492,2079.61
2015-08-20,1708.2487,2035.73
2015-08-21,1642.8293,1970.89
2015-08-24,1563.6119,1893.21
2015-08-25,1604.3287,1867.61
2015-08-26,1651.774,1940.51
2015-08-27,1706.0861,1987.66
2015-08-28,1710.5614,1988.87
2015-08-31,1692.6102,1972.18
2015-09-01,1625.7787,1913.85
2015-09-02,1661.6331,1948.86
2015-09-03,1702.5762,1951.13
2015-09-04,1667.6324,1921.22
2015-09-07,1670.8497,1921.22
2015-09-08,1714.7779,1969.41
2015-09-09,1713.3729,1942.04
2015-09-10,1711.5893,1952.29
2015-09-11,1710.3045,1961.05
2015-09-14,1710.254,1953.03
2015-09-15,1737.4543,1978.09
2015-09-16,1750.3074,1995.31
2015-09-17,1744.5375,1990.2
2015-09-18,1724.5966,1958.03
2015-09-21,1747.5579,1966.97
2015-09-22,1701.1266,1942.74
2015-09-23,1703.6185,1938.76
2015-09-24,1676.7497,1932.24
2015-09-25,1699.066,1931.34
2015-09-28,1639.6652,1881.77
2015-09-29,1606.1134,1884.09
2015-09-30,1661.5548,1920.03
2015-10-01,1669.6061,1923.82
2015-10-02,1684.7104,1951.36
2015-10-05,1727.1237,1987.05
2015-10-06,1701.0088,1979.92
2015-10-07,1699.5548,1995.83
2015-10-08,1706.9941,2013.43
2015-10-09,1715.4021,2014.89
2015-10-12,1724.7131,2017.46
2015-10-13,1703.9224,2003.69
2015-10-14,1684.1331,1994.24
2015-10-15,1737.4039,2023.86
2015-10-16,1749.186,2033.11
2015-10-19,1758.7661,2033.66
2015-10-20,1750.5652,2030.77
2015-10-21,1741.5391,2018.94
2015-10-22,1793.2502,2052.51
2015-10-23,1826.2225,2075.15
2015-10-26,1820.6023,2071.18
2015-10-27,1815.2655,2065.89
2015-10-28,1841.8353,2090.35
2015-10-29,1821.891,2089.41
2015-10-30,1830.5989,2079.36
2015-11-02,1835.7004,2104.05
2015-11-03,1836.5273,2109.79
2015-11-04,1840.5211,2102.31
2015-11-05,1838.7829,2099.93
2015-11-06,1889.4832,2099.2
2015-11-09,1859.2361,2078.58
2015-11-10,1863.8844,2081.72
2015-11-11,1869.1227,2075.0
2015-11-12,1832.7025,2045.97
2015-11-13,1813.0092,2023.04
2015-11-16,1831.6914,2053.19
2015-11-17,1853.9999,2050.44
2015-11-18,1864.0806,2083.58
2015-11-19,1869.0392,2081.24
2015-11-20,1890.4224,2089.17
2015-11-23,1885.5404,2086.59
2015-11-24,1858.8822,2089.14
2015-11-25,1881.2047,2088.87
2015-11-26,1890.1159,2088.87
2015-11-27,1891.9787,2090.11
2015-11-30,1894.092,2080.41
2015-12-01,1909.2486,2102.63
2015-12-02,1899.1914,2079.51
2015-12-03,1838.7607,2049.62
2015-12-04,1865.4651,2091.69
2015-12-07,1874.323,2077.07
2015-12-08,1846.5694,2063.59
2015-12-09,1814.4168,2047.62
2015-12-10,1823.3876,2052.23
2015-12-11,1777.6326,2012.37
2015-12-14,1762.7909,2021.94
2015-12-15,1808.0833,2043.41
2015-12-16,1825.7719,2073.07
2015-12-17,1830.0792,2041.89
2015-12-18,1800.3818,2005.55
2015-12-21,1815.6797,2021.15
2015-12-22,1807.7773,2038.97
2015-12-23,1840.0181,2064.29
2015-12-24,1837.833,2060.99
2015-12-25,1837.833,2060.99
2015-12-28,1834.5407,2056.5
2015-12-29,1861.0776,2078.36
2015-12-30,1850.086,2063.36
2015-12-31,1836.667,2043.94
2016-01-04,1789.77,2012.66
2016-01-05,1804.9791,2016.71
2016-01-06,1767.8015,1990.26
2016-01-07,1697.4954,1943.09
2016-01-08,1673.6609,1922.03
2016-01-11,1677.9524,1923.67
2016-01-12,1701.3719,1938.68
2016-01-13,1657.4712,1890.28
2016-01-14,1642.5651,1921.84
2016-01-15,1577.0151,1880.33
2016-01-18,1571.9475,1880.33
2016-01-19,1589.3203,1881.33
2016-01-20,1560.1149,1859.33
2016-01-21,1584.5327,1868.99
2016-01-22,1633.7497,1906.9
2016-01-25,1615.7421,1877.08
2016-01-26,1625.8086,1903.63
2016-01-27,1604.6867,1882.95
2016-01-28,1591.3729,1893.36
2016-01-29,1650.0659,1940.24
2016-02-01,1656.4578,1939.38
2016-02-02,1597.9607,1903.03
2016-02-03,1567.9922,1912.53
2016-02-04,1557.0981,1915.45
2016-02-05,1507.4409,1880.05
2016-02-08,1437.27,1853.44
2016-02-09,1420.4442,1852.21
2016-02-10,1448.4897,1851.86
2016-02-11,1417.5507,1829.08
2016-02-12,1451.439,1864.78
2016-02-15,1480.4731,1864.78
2016-02-16,1505.27,1895.58
2016-02-17,1548.7597,1926.82
2016-02-18,1556.3624,1917.83
2016-02-19,1570.1511,1917.78
2016-02-22,1597.6905,1945.5
2016-02-23,1587.2419,1921.27
2016-02-24,1587.8821,1929.8
2016-02-25,1616.9404,1951.7
2016-02-26,1626.0326,1948.05
2016-02-29,1629.4051,1932.23
2016-03-01,1673.8649,1978.35
2016-03-02,1670.4684,1986.45
2016-03-03,1661.5639,1993.4
2016-03-04,1656.7035,1999.99
2016-03-07,1645.9432,2001.76
2016-03-08,1625.3624,1979.26
2016-03-09,1646.0805,1989.26
2016-03-10,1616.2025,1989.57
2016-03-11,1655.3591,2022.19
2016-03-14,1669.5809,2019.64
2016-03-15,1660.6138,2015.93
2016-03-16,1669.3588,2027.22
2016-03-17,1662.9361,2040.59
2016-03-18,1676.9388,2049.58
2016-03-21,1680.3737,2051.6
2016-03-22,1687.8227,2049.8
2016-03-23,1690.9056,2036.71
2016-03-24,1689.2193,2035.94
2016-03-28,1686.7234,2037.05
2016-03-29,1697.1237,2055.01
2016-03-30,1701.2267,2063.95
2016-03-31,1701.5221,2059.74
2016-04-01,1707.7026,2072.78
2016-04-04,1692.3992,2066.13
2016-04-05,1675.8074,2045.17
2016-04-06,1688.3551,2066.66
2016-04-07,1672.2774,2041.91
2016-04-08,1680.0086,2047.6
2016-04-11,1670.3228,2041.99
2016-04-12,1682.7303,2061.72
2016-04-13,1713.9138,2082.42
2016-04-14,1713.4776,2082.78
2016-04-15,1704.0304,2080.73
2016-04-18,1704.2124,2094.34
2016-04-19,1704.0088,2100.8
2016-04-20,1712.3401,2102.4
2016-04-21,1699.5651,2091.48
2016-04-22,1695.4577,2091.58
2016-04-25,1694.5106,2087.79
2016-04-26,1705.6105,2091.7
2016-04-27,1721.1914,2095.15
2016-04-28,1711.1782,2075.81
2016-04-29,1667.6862,2065.3
2016-05-02,1675.6898,2081.43
2016-05-03,1655.929,2063.37
2016-05-04,1637.7866,2051.12
2016-05-05,1651.3233,2050.63
2016-05-06,1643.6815,2057.14
2016-05-09,1654.2591,2058.69
2016-05-10,1670.2908,2084.39
2016-05-11,1661.5594,2064.46
2016-05-12,1652.8749,2064.11
2016-05-13,1677.8721,2046.61
2016-05-16,1684.2933,2066.66
2016-05-17,1677.0087,2047.21
2016-05-18,1701.9231,2047.63
2016-05-19,1695.4621,2040.04
2016-05-20,1714.1228,2052.32
2016-05-23,1712.8646,2048.04
2016-05-24,1759.924,2076.06
2016-05-25,1774.0832,2090.54
2016-05-26,1774.9707,2090.1
2016-05-27,1787.8761,2099.06
2016-05-30,1789.9363,2099.06
2016-05-31,1784.5907,2096.95
2016-06-01,1761.6181,2099.33
2016-06-02,1772.3454,2105.26
2016-06-03,1737.7463,2099.13
2016-06-06,1742.2718,2109.41
2016-06-07,1751.4422,2112.13
2016-06-08,1743.7998,2119.12
2016-06-09,1745.7676,2115.48
2016-06-10,1711.9914,2096.07
2016-06-13,1689.296,2079.06
2016-06-14,1678.4548,2075.32
2016-06-15,1674.9144,2071.5
2016-06-16,1680.5191,2077.99
2016-06-17,1679.647,2071.22
2016-06-20,1715.2625,2083.25
2016-06-21,1724.1253,2088.9
2016-06-22,1714.8723,2085.45
2016-06-23,1740.4076,2113.32
2016-06-24,1637.4039,2037.41
2016-06-27,1577.4616,2000.54
2016-06-28,1613.3995,2036.09
2016-06-29,1646.2402,2070.77
2016-06-30,1664.5438,2098.86
2016-07-01,1670.512,2102.95
2016-07-04,1657.3159,2102.95
2016-07-05,1639.4917,2088.55
2016-07-06,1624.6346,2099.73
2016-07-07,1649.1319,2097.9
2016-07-08,1690.4902,2129.9
2016-07-11,1722.607,2137.16
2016-07-12,1746.8162,2152.14
2016-07-13,1737.1936,2152.43
2016-07-14,1750.8805,2163.75
2016-07-15,1748.4356,2161.74
2016-07-18,1750.3943,2166.89
2016-07-19,1755.7988,2163.78
2016-07-20,1784.3147,2173.02
2016-07-21,1765.6985,2165.17
2016-07-22,1775.6999,2175.03
2016-07-25,1785.5574,2168.48
2016-07-26,1808.1914,2169.18
2016-07-27,1801.3416,2166.58
2016-07-28,1802.7469,2170.06
2016-07-29,1786.5175,2173.6
2016-08-01,1787.0329,2170.84
2016-08-02,1770.5797,2157.03
2016-08-03,1780.3073,2163.79
2016-08-04,1786.732,2164.25
2016-08-05,1817.5427,2182.87
2016-08-08,1821.461,2180.89
2016-08-09,1826.2815,2181.74
2016-08-10,1815.5846,2175.49
2016-08-11,1828.8173,2185.79
2016-08-12,1839.9811,2184.05
2016-08-15,1840.8837,2190.15
2016-08-16,1813.0262,2178.15
2016-08-17,1796.672,2182.22
2016-08-18,1806.0057,2187.02
2016-08-19,1805.5147,2183.87
2016-08-22,1813.1158,2182.64
2016-08-23,1830.7718,2186.9
2016-08-24,1829.4052,2175.44
2016-08-25,1820.7827,2172.47
2016-08-26,1835.4963,2169.04
2016-08-29,1838.3456,2180.38
2016-08-30,1835.6065,2176.12
2016-08-31,1822.7467,2170.95
2016-09-01,1838.2797,2170.86
2016-09-02,1850.766,2179.98
2016-09-05,1851.9065,2179.98
2016-09-06,1848.217,2186.48
2016-09-07,1844.9385,2186.16
2016-09-08,1835.268,2181.3
2016-09-09,1787.619,2127.81
2016-09-12,1799.2265,2159.04
2016-09-13,1782.0198,2127.02
2016-09-14,1785.002,2125.77
2016-09-15,1815.0003,2147.26
2016-09-16,1808.176,2139.16
2016-09-19,1819.4056,2139.12
2016-09-20,1815.5468,2139.76
2016-09-21,1833.6651,2163.12
2016-09-22,1846.1143,2177.18
2016-09-23,1826.2302,2164.69
2016-09-26,1811.7894,2146.1
2016-09-27,1836.6024,2159.93
2016-09-28,1847.0688,2171.37
2016-09-29,1847.5216,2151.13
2016-09-30,1854.7623,2168.27
2016-10-03,1859.0347,2161.2
2016-10-04,1853.1524,2150.49
2016-10-05,1861.3367,2159.73
2016-10-06,1867.6933,2160.77
2016-10-07,1833.7178,2153.74
2016-10-10,1846.1638,2163.66
2016-10-11,1829.4842,2136.73
2016-10-12,1832.6819,2139.18
2016-10-13,1811.0604,2132.55
2016-10-14,1831.3121,2132.98
2016-10-17,1822.7383,2126.5
2016-10-18,1847.7178,2139.6
2016-10-19,1846.0477,2144.29
2016-10-20,1852.1082,2141.34
2016-10-21,1863.2325,2141.16
2016-10-24,1887.1394,2151.33
2016-10-25,1875.85,2143.16
2016-10-26,1868.7604,2139.43
2016-10-27,1853.1697,2133.04
2016-10-28,1839.4774,2126.41
2016-10-31,1841.0709,2126.15
2016-11-01,1816.3067,2111.72
2016-11-02,1796.164,2097.94
2016-11-03,1797.0212,2088.66
2016-11-04,1786.1498,2085.18
2016-11-07,1843.087,2131.52
2016-11-08,1857.266,2139.56
2016-11-09,1895.2105,2163.26
2016-11-10,1887.9985,2167.48
2016-11-11,1954.3613,2164.45
2016-11-14,1951.9752,2164.2
2016-11-15,1984.2334,2180.39
2016-11-16,2006.7381,2176.94
2016-11-17,2025.5432,2187.12
2016-11-18,2036.1335,2181.9
2016-11-21,2037.0516,2198.18
2016-11-22,2056.4048,2202.94
2016-11-23,2072.847,2204.72
2016-11-24,2069.5395,2204.72
2016-11-25,2067.6992,2213.35
2016-11-28,2044.4387,2201.72
2016-11-29,2043.8056,2204.66
2016-11-30,2039.2451,2198.81
2016-12-01,1984.2028,2191.08
2016-12-02,1992.0557,2191.95
2016-12-05,2020.9201,2204.71
2016-12-06,2031.2027,2212.23
2016-12-07,2060.2692,2241.35
2016-12-08,2087.0855,2246.19
2016-12-09,2090.9861,2259.53
2016-12-12,2053.8193,2256.96
2016-12-13,2072.8229,2271.72
2016-12-14,2095.9471,2253.28
2016-12-15,2129.6875,2262.03
2016-12-16,2127.8228,2258.07
2016-12-19,2139.9336,2262.53
2016-12-20,2158.6582,2270.76
2016-12-21,2156.7605,2265.18
2016-12-22,2152.7617,2260.96
2016-12-23,2170.1318,2263.79
2016-12-27,2207.3698,2268.88
2016-12-28,2168.4718,2249.92
2016-12-29,2163.5657,2249.26
2016-12-30,2134.9267,2238.83
2017-01-02,2141.9183,2238.83
2017-01-03,2140.5325,2257.83
2017-01-04,2147.9117,2270.75
2017-01-05,2120.6244,2269.0
2017-01-06,2130.2279,2276.98
2017-01-09,2131.107,2268.9
2017-01-10,2141.2807,2268.9
2017-01-11,2136.9388,2275.32
2017-01-12,2113.6156,2270.44
2017-01-13,2132.5603,2274.64
2017-01-16,2123.2352,2274.64
2017-01-17,2094.9809,2267.89
2017-01-18,2120.2319,2271.89
2017-01-19,2133.275,2263.69
2017-01-20,2129.3766,2271.31
2017-01-23,2113.6638,2265.2
2017-01-24,2144.9191,2280.07
2017-01-25,2165.1876,2298.37
2017-01-26,2173.6426,2296.68
2017-01-27,2182.9087,2294.69
2017-01-30,2160.2715,2280.9
2017-01-31,2120.1671,2278.87
2017-02-01,2158.2119,2279.55
2017-02-02,2154.642,2280.85
2017-02-03,2156.5916,2297.42
2017-02-06,2158.5887,2292.56
2017-02-07,2169.6039,2293.08
2017-02-08,2165.6482,2294.67
2017-02-09,2166.4088,2307.87
2017-02-10,2170.468,2316.1
2017-02-13,2165.6278,2328.25
2017-02-14,2169.9307,2337.58
2017-02-15,2169.024,2349.25
2017-02-16,2149.8223,2347.22
2017-02-17,2152.0442,2351.16
2017-02-20,2153.5774,2351.16
2017-02-21,2199.4037,2365.38
2017-02-22,2195.7206,2362.82
2017-02-23,2146.1713,2363.81
2017-02-24,2140.1781,2367.34
2017-02-27,2153.2693,2369.75
2017-02-28,2147.7433,2363.64
2017-03-01,2180.6481,2395.96
2017-03-02,2160.4179,2381.92
2017-03-03,2149.2894,2383.12
2017-03-06,2129.6976,2375.31
2017-03-07,2144.6289,2368.39
2017-03-08,2145.1084,2362.98
2017-03-09,2132.5177,2364.87
2017-03-10,2125.6137,2372.6
2017-03-13,2149.3776,2373.47
2017-03-14,2149.292,2365.45
2017-03-15,2147.8714,2385.26
2017-03-16,2161.5883,2381.38
2017-03-17,2174.2055,2378.25
2017-03-20,2188.7406,2373.47
2017-03-21,2134.4876,2344.02
2017-03-22,2142.4975,2348.45
2017-03-23,2152.03,2345.96
2017-03-24,2162.0454,2343.98
2017-03-27,2146.2963,2341.59
2017-03-28,2164.1591,2358.57
2017-03-29,2172.0355,2361.13
2017-03-30,2201.7526,2368.06
2017-03-31,2199.1423,2362.72
2017-04-03,2191.702,2358.84
2017-04-04,2161.1581,2360.16
2017-04-05,2162.5395,2352.95
2017-04-06,2168.0712,2357.49
2017-04-07,2176.5577,2355.54
2017-04-10,2167.1141,2357.16
2017-04-11,2161.946,2353.78
2017-04-12,2149.8934,2344.93
2017-04-13,2142.5992,2328.95
2017-04-17,2164.3788,2349.01
2017-04-18,2144.1038,2342.19
2017-04-19,2160.2493,2338.17
2017-04-20,2180.5754,2355.84
2017-04-21,2178.1226,2348.69
2017-04-24,2190.143,2374.15
2017-04-25,2206.0355,2388.61
2017-04-26,2209.7833,2387.45
2017-04-27,2229.4385,2388.77
2017-04-28,2224.2498,2384.2
2017-05-01,2246.4268,2388.33
2017-05-02,2235.915,2391.17
2017-05-03,2236.9,2388.13
2017-05-04,2243.5477,2389.52
2017-05-05,2251.9907,2399.29
2017-05-08,2252.2385,2399.38
2017-05-09,2268.5083,2396.92
2017-05-10,2347.5566,2399.63
2017-05-11,2363.9263,2394.44
2017-05-12,2350.6219,2390.9
2017-05-15,2387.8011,2402.32
2017-05-16,2384.4993,2400.67
2017-05-17,2301.3276,2357.03
2017-05-18,2327.8966,2365.72
2017-05-19,2335.5853,2381.73
2017-05-22,2342.889,2394.02
2017-05-23,2348.5784,2398.42
2017-05-24,2356.0265,2404.39
2017-05-25,2379.2447,2415.07
2017-05-26,2392.1171,2415.82
2017-05-29,2386.6887,2415.82
2017-05-30,2407.553,2412.91
2017-05-31,2391.0191,2411.8
2017-06-01,2409.8422,2430.06
2017-06-02,2412.4817,2439.07
2017-06-05,2426.4429,2436.1
2017-06-06,2412.9727,2429.33
2017-06-07,2424.0615,2433.14
2017-06-08,2472.9854,2433.79
2017-06-09,2423.5032,2431.77
2017-06-12,2387.5595,2429.39
2017-06-13,2417.5883,2440.35
2017-06-14,2403.2951,2437.92
2017-06-15,2387.5689,2432.46
2017-06-16,2398.9593,2433.15
2017-06-19,2450.5287,2453.46
2017-06-20,2438.3219,2437.03
2017-06-21,2444.772,2435.61
2017-06-22,2436.5995,2434.5
2017-06-23,2417.9959,2438.3
2017-06-26,2403.3609,2439.07
2017-06-27,2336.0635,2419.38
2017-06-28,2365.9079,2440.69
2017-06-29,2307.1876,2419.7
2017-06-30,2306.1325,2423.41
2017-07-03,2303.2438,2429.01
2017-07-04,2297.0284,2429.01
2017-07-05,2339.1103,2432.54
2017-07-06,2331.2248,2409.75
2017-07-07,2362.2198,2425.18
2017-07-10,2410.4565,2427.43
2017-07-11,2411.7881,2425.53
2017-07-12,2470.8612,2443.25
2017-07-13,2478.0885,2447.83
2017-07-14,2497.2972,2459.27
2017-07-17,2490.5881,2459.14
2017-07-18,2480.9759,2460.61
2017-07-19,2511.9627,2473.83
2017-07-20,2504.0143,2473.45
2017-07-21,2489.2367,2472.54
2017-07-24,2494.4573,2469.91
2017-07-25,2485.8415,2477.13
2017-07-26,2496.7488,2477.83
2017-07-27,2467.9616,2475.42
2017-07-28,2464.3816,2472.1
2017-07-31,2439.8107,2470.3
2017-08-01,2457.6541,2476.35
2017-08-02,2440.6945,2477.57
2017-08-03,2438.6091,2472.16
2017-08-04,2461.8575,2476.83
2017-08-07,2495.447,2480.91
2017-08-08,2481.792,2474.92
2017-08-09,2483.319,2474.02
2017-08-10,2422.404,2438.21
2017-08-11,2382.6726,2441.32
2017-08-14,2456.8264,2465.84
2017-08-15,2465.0347,2464.61
2017-08-16,2470.9753,2468.11
2017-08-17,2433.0737,2430.01
2017-08-18,2432.9709,2425.55
2017-08-21,2409.7421,2428.37
2017-08-22,2459.511,2452.51
2017-08-23,2458.3923,2444.04
2017-08-24,2452.8001,2438.97
2017-08-25,2425.5551,2443.05
2017-08-28,2421.3594,2444.24
2017-08-29,2414.2833,2446.3
2017-08-30,2449.1614,2457.59
2017-08-31,2473.7245,2471.65
2017-09-01,2492.6847,2476.55
2017-09-04,2491.5498,2476.55
2017-09-05,2458.6516,2457.85
2017-09-06,2449.2038,2465.54
2017-09-07,2455.4558,2465.1
2017-09-08,2442.0715,2461.43
2017-09-11,2497.5752,2488.11
2017-09-12,2511.4495,2496.48
2017-09-13,2520.9363,2498.37
2017-09-14,2523.6798,2495.62
2017-09-15,2561.1456,2500.23
2017-09-18,2608.6795,2503.87
2017-09-19,2607.5278,2506.65
2017-09-20,2610.7336,2508.24
2017-09-21,2588.3345,2500.6
2017-09-22,2587.6988,2502.22
2017-09-25,2548.2906,2496.66
2017-09-26,2554.6642,2496.84
2017-09-27,2603.8558,2507.04
2017-09-28,2612.857,2510.06
2017-09-29,2635.6283,2519.36
2017-10-02,2658.1391,2529.12
2017-10-03,2661.5969,2534.58
2017-10-04,2666.8335,2537.74
2017-10-05,2673.2723,2552.07
2017-10-06,2673.9739,2549.33
2017-10-09,2693.3502,2544.73
2017-10-10,2701.2486,2550.64
2017-10-11,2708.769,2555.24
2017-10-12,2723.4412,2550.93
2017-10-13,2739.3474,2553.17
2017-10-16,2765.8769,2557.64
2017-10-17,2759.59,2559.36
2017-10-18,2766.5913,2561.26
2017-10-19,2753.3834,2562.1
2017-10-20,2780.6504,2575.21
2017-10-23,2792.2754,2564.98
2017-10-24,2798.0433,2569.13
2017-10-25,2764.4673,2557.15
2017-10-26,2832.6709,2560.4
2017-10-27,2890.3112,2581.07
2017-10-30,2892.0667,2572.83
2017-10-31,2913.7572,2575.26
2017-11-01,2923.7238,2579.36
2017-11-02,2904.2318,2579.85
2017-11-03,2943.6004,2587.84
2017-11-06,2950.3261,2591.13
2017-11-07,2962.4487,2590.64
2017-11-08,2948.3417,2594.38
2017-11-09,2887.4299,2584.62
2017-11-10,2932.9137,2582.3
2017-11-13,2916.4174,2584.84
2017-11-14,2897.5549,2578.87
2017-11-15,2861.2889,2564.62
2017-11-16,2905.1489,2585.64
2017-11-17,2885.0999,2578.85
2017-11-20,2931.3275,2582.14
2017-11-21,2968.7597,2599.03
2017-11-22,2931.8357,2597.08
2017-11-23,2930.2352,2597.08
2017-11-24,2925.0838,2602.42
2017-11-27,2902.5011,2601.42
2017-11-28,2911.5857,2627.04
2017-11-29,2813.9887,2626.07
2017-11-30,2825.6317,2647.58
2017-12-01,2784.2146,2642.22
2017-12-04,2720.9617,2639.44
2017-12-05,2725.3142,2629.57
2017-12-06,2727.1839,2629.27
2017-12-07,2757.4018,2636.98
2017-12-08,2769.2949,2651.5
2017-12-11,2776.2867,2659.99
2017-12-12,2769.9318,2664.11
2017-12-13,2751.4381,2662.85
2017-12-14,2762.7838,2652.01
2017-12-15,2787.0004,2675.81
2017-12-18,2837.3954,2690.16
2017-12-19,2815.5364,2681.47
2017-12-20,2811.5146,2679.25
2017-12-21,2802.8762,2684.57
2017-12-22,2800.1706,2683.34
2017-12-26,2803.943,2680.5
2017-12-27,2809.8557,2682.62
2017-12-28,2801.9469,2687.54
2017-12-29,2770.5268,2673.61
2018-01-02,2802.9495,2695.81
2018-01-03,2884.4026,2713.06
2018-01-04,2905.1489,2723.99
2018-01-05,2947.3665,2743.15
2018-01-08,2992.2706,2747.71
2018-01-09,3014.8363,2751.29
2018-01-10,3005.5802,2748.23
2018-01-11,2997.053,2767.56
2018-01-12,2981.7275,2786.24
2018-01-15,2981.1315,2786.24
2018-01-16,2960.1401,2776.42
2018-01-17,3025.2739,2802.56
2018-01-18,3021.8303,2798.03
2018-01-19,3041.5498,2810.3
2018-01-22,3046.6035,2832.97
2018-01-23,3065.2143,2839.13
2018-01-24,3031.8315,2837.54
2018-01-25,3023.0882,2839.25
2018-01-26,3062.2761,2872.87
2018-01-29,3081.0726,2853.53
2018-01-30,3050.9423,2822.43
2018-01-31,3031.116,2823.81
2018-02-01,2991.8049,2821.98
2018-02-02,2944.1282,2762.13
2018-02-05,2861.738,2648.94
2018-02-06,2997.8719,2695.14
2018-02-07,2983.0067,2681.66
2018-02-08,2946.563,2581.0
2018-02-09,3026.2257,2619.55
2018-02-12,2997.8082,2656.0
2018-02-13,3003.2766,2662.94
2018-02-14,3001.3555,2698.63
2018-02-15,2993.9396,2731.2
2018-02-16,2996.1694,2732.22
2018-02-19,3021.7809,2732.22
2018-02-20,3060.8606,2716.26
2018-02-21,3046.083,2701.33
2018-02-22,3051.3777,2703.96
2018-02-23,3080.8096,2747.3
2018-02-26,3061.3181,2779.6
2018-02-27,3082.4219,2744.28
2018-02-28,3079.6312,2713.83
2018-03-01,3023.4718,2677.67
2018-03-02,3035.491,2691.25
2018-03-05,3008.7555,2720.94
2018-03-06,3043.3853,2728.12
2018-03-07,3051.7217,2726.8
2018-03-08,3059.664,2738.97
2018-03-09,3072.7219,2786.57
2018-03-12,3078.295,2783.02
2018-03-13,3052.184,2765.31
2018-03-14,3065.1036,2749.48
2018-03-15,3084.019,2747.33
2018-03-16,3075.0804,2752.01
2018-03-19,3045.633,2712.92
2018-03-20,3107.2716,2716.94
2018-03-21,3084.0196,2711.93
2018-03-22,3033.2759,2643.69
2018-03-23,2975.7738,2588.26
2018-03-26,3034.3437,2658.55
2018-03-27,2964.5961,2612.62
2018-03-28,2988.9014,2605.0
2018-03-29,3012.4718,2640.87
2018-04-02,2961.5921,2581.88
2018-04-03,3019.9938,2614.45
2018-04-04,3037.673,2644.69
2018-04-05,3002.0722,2662.84
2018-04-06,2953.9341,2604.47
2018-04-09,2948.3328,2613.16
2018-04-10,3029.2379,2656.87
2018-04-11,3017.245,2642.19
2018-04-12,3065.459,2663.99
2018-04-13,3035.1688,2656.3
2018-04-16,3006.9049,2677.84
2018-04-17,3030.1023,2706.39
2018-04-18,3016.8236,2708.64
2018-04-19,2972.9164,2693.13
2018-04-20,2973.9845,2670.14
2018-04-23,2965.2248,2670.29
2018-04-24,2932.9811,2634.56
2018-04-25,2945.0574,2639.4
2018-04-26,3000.5322,2666.94
2018-04-27,2986.5062,2669.91
2018-04-30,2965.1379,2648.05
2018-05-01,2992.2104,2654.8
2018-05-02,2998.1515,2635.67
2018-05-03,3034.5348,2629.73
2018-05-04,3056.3665,2663.42
2018-05-07,3113.6383,2672.63
2018-05-08,3147.0743,2671.92
2018-05-09,3173.0714,2697.79
2018-05-10,3170.2388,2723.07
2018-05-11,3149.7338,2727.72
2018-05-14,3126.5722,2730.13
2018-05-15,3134.9648,2711.45
2018-05-16,3155.7754,2722.46
2018-05-17,3157.9027,2720.13
2018-05-18,3161.4076,2712.97
2018-05-21,3181.6972,2733.01
2018-05-22,3158.3365,2724.44
2018-05-23,3202.112,2733.29
2018-05-24,3192.4974,2727.76
2018-05-25,3197.553,2721.33
2018-05-28,3206.2797,2721.33
2018-05-29,3230.2099,2689.86
2018-05-30,3230.4228,2724.01
2018-05-31,3232.8339,2705.27
2018-06-01,3251.7548,2734.62
2018-06-04,3263.7173,2746.87
2018-06-05,3273.4593,2748.8
2018-06-06,3257.9176,2772.35
2018-06-07,3230.2021,2770.37
2018-06-08,3247.5945,2779.03
2018-06-11,3239.2573,2782.0
2018-06-12,3249.3739,2786.85
2018-06-13,3251.5409,2775.63
2018-06-14,3325.0404,2782.49
2018-06-15,3309.3156,2779.66
2018-06-18,3306.4895,2773.75
2018-06-19,3274.1997,2762.59
2018-06-20,3284.5469,2767.32
2018-06-21,3242.6532,2749.76
2018-06-22,3190.8292,2754.88
2018-06-25,3143.0243,2717.07
2018-06-26,3175.4236,2723.06
2018-06-27,3156.6435,2699.63
2018-06-28,3183.3154,2716.31
2018-06-29,3135.208,2718.37
2018-07-02,3181.2813,2726.71
2018-07-03,3120.0409,2713.22
2018-07-04,3120.1673,2713.22
2018-07-05,3143.9618,2736.61
2018-07-06,3147.6375,2759.82
2018-07-09,3158.046,2784.17
2018-07-10,3167.5148,2793.84
2018-07-11,3146.6604,2774.02
2018-07-12,3179.997,2798.29
2018-07-13,3167.0832,2801.31
2018-07-16,3157.3606,2798.43
2018-07-17,3184.6997,2809.55
2018-07-18,3194.7893,2815.62
2018-07-19,3197.1713,2804.49
2018-07-20,3154.0877,2801.83
2018-07-23,3156.7028,2806.98
2018-07-24,3154.1466,2820.4
2018-07-25,3140.9796,2846.07
2018-07-26,3159.8094,2837.44
2018-07-27,3132.4441,2818.82
2018-07-30,3059.9929,2802.6
2018-07-31,3063.9137,2816.29
2018-08-01,3063.0,2813.36
2018-08-02,3101.8787,2827.22
2018-08-03,3107.6577,2840.35
2018-08-06,3121.6756,2850.4
2018-08-07,3117.4535,2858.45
2018-08-08,3115.8231,2857.7
2018-08-09,3122.7769,2853.58
2018-08-10,3130.0349,2833.28
2018-08-13,3133.4749,2821.93
2018-08-14,3168.0523,2839.96
2018-08-15,3134.9684,2818.37
2018-08-16,3101.402,2840.69
2018-08-17,3042.0541,2850.13
2018-08-20,3053.7553,2857.05
2018-08-21,3062.0073,2862.96
2018-08-22,3104.8585,2861.82
2018-08-23,3131.1566,2856.98
2018-08-24,3154.5273,2874.69
2018-08-27,3175.5789,2896.74
2018-08-28,3184.419,2897.52
2018-08-29,3221.2562,2914.04
2018-08-30,3227.1661,2901.13
2018-08-31,3239.784,2901.52
2018-09-03,3231.7987,2901.52
2018-09-04,3248.1124,2896.72
2018-09-05,3169.6757,2888.6
2018-09-06,3146.3445,2878.05
2018-09-07,3153.7412,2871.68
2018-09-10,3158.8426,2877.13
2018-09-11,3164.7588,2887.89
2018-09-12,3138.8595,2888.92
2018-09-13,3125.0353,2904.18
2018-09-14,3171.9405,2904.98
2018-09-17,3126.0381,2888.8
2018-09-18,3144.0956,2904.31
2018-09-19,3140.0082,2907.95
2018-09-20,3114.3102,2930.75
2018-09-21,3116.4601,2929.67
2018-09-24,3136.3718,2919.37
2018-09-25,3154.1749,2915.56
2018-09-26,3161.779,2905.97
2018-09-27,3179.6602,2914.0
2018-09-28,3227.3929,2913.98
2018-10-01,3269.2125,2924.59
2018-10-02,3253.9888,2923.43
2018-10-03,3266.2355,2925.51
2018-10-04,3196.2648,2901.61
2018-10-05,3146.0072,2885.57
2018-10-08,3104.8423,2884.43
2018-10-09,3091.9563,2880.34
2018-10-10,2941.3245,2785.68
2018-10-11,2919.197,2728.37
2018-10-12,2991.7579,2767.13
2018-10-15,2920.9382,2750.79
2018-10-16,3003.8255,2809.92
2018-10-17,3019.6288,2809.21
2018-10-18,2998.376,2768.78
2018-10-19,2927.1107,2767.78
2018-10-22,2965.5811,2755.88
2018-10-23,2943.9711,2740.69
2018-10-24,2843.3045,2656.1
2018-10-25,2871.8529,2705.57
2018-10-26,2862.2894,2658.69
2018-10-29,2780.7595,2641.25
2018-10-30,2856.4877,2682.63
2018-10-31,2898.4386,2711.74
2018-11-01,2912.5216,2740.37
2018-11-02,2919.4232,2723.06
2018-11-05,2888.8492,2738.31
2018-11-06,2879.9772,2755.45
2018-11-07,2901.2025,2813.89
2018-11-08,2877.3663,2806.83
2018-11-09,2848.6243,2781.01
2018-11-12,2815.3329,2726.22
2018-11-13,2819.4471,2722.18
2018-11-14,2799.4499,2701.58
2018-11-15,2798.1214,2730.2
2018-11-16,2773.8617,2736.27
2018-11-19,2683.3484,2690.73
2018-11-20,2643.1463,2641.89
2018-11-21,2681.2902,2649.93
2018-11-22,2668.1896,2649.93
2018-11-23,2690.2025,2632.56
2018-11-26,2742.5228,2673.45
2018-11-27,2745.0247,2682.17
2018-11-28,2785.36,2743.79
2018-11-29,2786.6067,2737.8
2018-11-30,2787.773,2760.17
2018-12-03,2879.2627,2790.37
2018-12-04,2808.3709,2700.06
2018-12-05,2789.0,2700.06
2018-12-06,2702.1863,2695.95
2018-12-07,2669.2778,2633.08
2018-12-10,2655.6782,2637.72
2018-12-11,2697.2172,2636.78
2018-12-12,2745.6687,2651.07
2018-12-13,2744.8155,2650.54
2018-12-14,2696.6246,2599.95
2018-12-17,2648.1968,2545.94
2018-12-18,2649.3733,2546.16
2018-12-19,2633.6484,2506.96
2018-12-20,2543.6752,2467.42
2018-12-21,2505.2241,2416.62
2018-12-24,2467.6779,2351.1
2018-12-26,2545.5097,2467.7
2018-12-27,2554.5118,2488.83
2018-12-28,2575.4619,2485.74
2018-12-31,2599.7213,2506.85
2019-01-02,2599.7496,2510.03
2019-01-03,2497.8258,2447.89
2019-01-04,2600.3073,2531.94
2019-01-07,2630.0497,2549.69
2019-01-08,2682.2495,2574.41
2019-01-09,2729.0983,2584.96
2019-01-10,2737.9493,2596.64
2019-01-11,2729.9485,2596.26
2019-01-14,2695.4657,2582.61
2019-01-15,2751.511,2610.3
2019-01-16,2767.4805,2616.1
2019-01-17,2766.5136,2635.96
2019-01-18,2791.5354,2670.71
2019-01-21,2801.6099,2670.71
2019-01-22,2756.1723,2632.9
2019-01-23,2760.5753,2638.7
2019-01-24,2789.531,2642.33
2019-01-25,2811.1582,2664.76
2019-01-28,2766.9437,2643.85
2019-01-29,2792.2934,2640.0
2019-01-30,2841.2341,2681.05
2019-01-31,2867.1911,2704.1
2019-02-01,2887.059,2706.53
2019-02-04,2918.6701,2724.87
2019-02-05,2972.1469,2737.7
2019-02-06,2963.6701,2731.61
2019-02-07,2929.559,2706.05
2019-02-08,2941.8848,2707.88
2019-02-11,2986.3137,2709.8
2019-02-12,3018.1018,2744.73
2019-02-13,3057.0085,2753.03
2019-02-14,3052.8119,2745.73
2019-02-15,3086.2462,2775.6
2019-02-18,3096.4841,2775.6
2019-02-19,3087.884,2779.76
2019-02-20,3076.0866,2784.7
2019-02-21,3067.5041,2774.88
2019-02-22,3090.9658,2792.67
2019-02-25,3102.1504,2796.11
2019-02-26,3105.4917,2793.9
2019-02-27,3108.8963,2792.38
2019-02-28,3133.2708,2784.49
2019-03-01,3181.1384,2803.69
2019-03-04,3166.2563,2792.81
2019-03-05,3169.2445,2789.65
2019-03-06,3153.6194,2771.45
2019-03-07,3143.7449,2748.93
2019-03-08,3119.2672,2743.07
2019-03-11,3156.1764,2783.3
2019-03-12,3153.5492,2791.52
2019-03-13,3172.5492,2810.92
2019-03-14,3193.6393,2808.48
2019-03-15,3215.9733,2822.48
2019-03-18,3217.6877,2832.94
2019-03-19,3238.8108,2832.57
2019-03-20,3222.8525,2824.23
2019-03-21,3264.2016,2854.88
2019-03-22,3206.7617,2800.71
2019-03-25,3206.3676,2798.36
2019-03-26,3244.6372,2818.46
2019-03-27,3226.0894,2805.37
2019-03-28,3257.7031,2815.44
2019-03-29,3303.7634,2834.4
2019-04-01,3359.5938,2867.19
2019-04-02,3365.1799,2867.24
2019-04-03,3389.3606,2873.4
2019-04-04,3357.1968,2879.39
2019-04-05,3377.211,2892.74
2019-04-08,3383.1495,2895.77
2019-04-09,3373.6812,2878.2
2019-04-10,3397.6419,2888.21
2019-04-11,3412.1773,2888.32
2019-04-12,3440.1721,2907.41
2019-04-15,3457.6805,2905.58
2019-04-16,3453.1723,2907.06
2019-04-17,3419.6531,2900.45
2019-04-18,3418.1565,2905.03
2019-04-22,3411.7893,2907.97
2019-04-23,3471.6341,2933.68
2019-04-24,3480.3772,2927.25
2019-04-25,3468.3487,2926.17
2019-04-26,3466.9328,2939.88
2019-04-29,3458.8441,2943.03
2019-04-30,3468.225,2945.83
2019-05-01,3442.2532,2923.73
2019-05-02,3419.7462,2917.52
2019-05-03,3422.8997,2945.64
2019-05-06,3401.5121,2932.47
2019-05-07,3316.2247,2884.05
2019-05-08,3335.596,2879.42
2019-05-09,3292.4592,2870.72
2019-05-10,3304.4744,2881.4
2019-05-13,3201.6194,2811.87
2019-05-14,3286.2954,2834.41
2019-05-15,3306.5785,2850.96
2019-05-16,3364.7318,2876.32
2019-05-17,3333.9661,2859.53
2019-05-20,3266.0583,2840.23
2019-05-21,3296.9032,2864.36
2019-05-22,3303.1776,2856.27
2019-05-23,3217.7164,2822.24
2019-05-24,3234.8384,2826.06
2019-05-27,3235.4663,2826.06
2019-05-28,3257.2647,2802.39
2019-05-29,3202.5485,2783.02
2019-05-30,3267.8009,2788.86
2019-05-31,3211.9119,2752.06
2019-06-03,3180.5955,2744.45
2019-06-04,3230.42,2803.27
2019-06-05,3305.6479,2826.15
2019-06-06,3314.8885,2843.49
2019-06-07,3365.0861,2873.34
2019-06-10,3396.1146,2886.73
2019-06-11,3404.8493,2885.72
2019-06-12,3408.9618,2879.84
2019-06-13,3418.9699,2891.64
2019-06-14,3403.8766,2886.98
2019-06-17,3428.142,2889.67
2019-06-18,3491.956,2917.75
2019-06-19,3491.9764,2926.46
2019-06-20,3520.1027,2954.18
2019-06-21,3473.8655,2950.46
2019-06-24,3478.4702,2945.35
2019-06-25,3446.7092,2917.38
2019-06-26,3450.7612,2913.78
2019-06-27,3458.0439,2924.92
2019-06-28,3500.4662,2941.76
2019-07-01,3547.2609,2964.33
2019-07-02,3568.0054,2973.01
2019-07-03,3604.3389,2995.82
2019-07-04,3595.6408,2995.82
2019-07-05,3570.6803,2990.41
2019-07-08,3555.0792,2975.95
2019-07-09,3564.0831,2979.63
2019-07-10,3569.4726,2993.07
2019-07-11,3582.0986,2999.91
2019-07-12,3597.9456,3013.77
2019-07-15,3624.7088,3014.3
2019-07-16,3622.4737,3004.04
2019-07-17,3605.0654,2984.42
2019-07-18,3600.9157,2995.11
2019-07-19,3609.5862,2976.61
2019-07-22,3625.6121,2985.03
2019-07-23,3646.2193,3005.47
2019-07-24,3657.2563,3019.56
2019-07-25,3608.1306,3003.67
2019-07-26,3638.7647,3025.86
2019-07-29,3612.2658,3020.97
2019-07-30,3561.3093,3013.18
2019-07-31,3547.7166,2980.38
2019-08-01,3558.3362,2953.56
2019-08-02,3439.8676,2932.05
2019-08-05,3271.3142,2844.74
2019-08-06,3314.3979,2881.77
2019-08-07,3342.8034,2883.98
2019-08-08,3440.7575,2938.09
2019-08-09,3381.7711,2918.65
2019-08-12,3357.1606,2882.7
2019-08-13,3406.3612,2926.32
2019-08-14,3301.0173,2840.6
2019-08-15,3291.4792,2847.6
2019-08-16,3342.9588,2888.68
2019-08-19,3401.5677,2923.65
2019-08-20,3394.203,2900.51
2019-08-21,3460.7684,2924.43
2019-08-22,3458.6089,2922.95
2019-08-23,3362.5351,2847.11
2019-08-26,3395.0176,2878.38
2019-08-27,3407.8319,2869.16
2019-08-28,3393.9952,2887.94
2019-08-29,3442.1732,2924.58
2019-08-30,3465.5805,2926.46
2019-09-02,3471.3944,2926.46
2019-09-03,3432.6696,2906.27
2019-09-04,3462.2063,2937.78
2019-09-05,3518.246,2976.0
2019-09-06,3523.2219,2978.71
2019-09-09,3481.2647,2978.43
2019-09-10,3393.7959,2979.39
2019-09-11,3432.6717,3000.93
2019-09-12,3468.4752,3009.57
2019-09-13,3445.9481,3007.39
2019-09-16,3423.4981,2997.96
2019-09-17,3484.7365,3005.7
2019-09-18,3478.2242,3006.73
2019-09-19,3479.7135,3006.79
2019-09-20,3449.84,2992.07
2019-09-23,3439.1331,2991.78
2019-09-24,3434.4935,2966.6
2019-09-25,3440.9456,2984.87
2019-09-26,3459.0262,2977.62
2019-09-27,3413.7614,2961.79
2019-09-30,3440.2759,2976.74
2019-10-01,3399.9542,2940.25
2019-10-02,3309.7424,2887.61
2019-10-03,3341.9052,2910.63
2019-10-04,3389.567,2952.01
2019-10-07,3390.7159,2938.79
2019-10-08,3320.6225,2893.06
2019-10-09,3374.0113,2919.4
2019-10-10,3407.3566,2938.13
2019-10-11,3463.4255,2970.27
2019-10-14,3470.5742,2966.15
2019-10-15,3504.9124,2995.68
2019-10-16,3455.401,2989.69
2019-10-17,3453.8069,2997.95
2019-10-18,3410.153,2986.2
2019-10-21,3472.5324,3006.72
2019-10-22,3416.4823,2995.99
2019-10-23,3412.4047,3004.52
2019-10-24,3470.5692,3010.29
2019-10-25,3483.6769,3022.55
2019-10-28,3510.4788,3039.42
2019-10-29,3521.9109,3036.89
2019-10-30,3531.1691,3046.77
2019-10-31,3519.8874,3037.56
2019-11-01,3594.6322,3066.91
2019-11-04,3648.9615,3078.27
2019-11-05,3630.7082,3074.62
2019-11-06,3641.1142,3076.78
2019-11-07,3682.3362,3085.18
2019-11-08,3671.4911,3093.08
2019-11-11,3663.8939,3087.01
2019-11-12,3702.6957,3091.84
2019-11-13,3731.8731,3094.04
2019-11-14,3737.8477,3096.63
2019-11-15,3773.6302,3120.46
2019-11-18,3772.6895,3122.03
2019-11-19,3789.7694,3120.18
2019-11-20,3777.6743,3108.46
2019-11-21,3756.1721,3103.54
2019-11-22,3753.6196,3110.29
2019-11-25,3805.6848,3133.64
2019-11-26,3827.8245,3140.52
2019-11-27,3840.3942,3153.63
2019-11-28,3837.1173,3153.63
2019-11-29,3829.2882,3140.98
2019-12-02,3750.0911,3113.87
2019-12-03,3739.9295,3093.2
2019-12-04,3785.2274,3112.76
2019-12-05,3785.8382,3117.43
2019-12-06,3833.7932,3145.91
2019-12-09,3803.4077,3135.96
2019-12-10,3778.7588,3132.52
2019-12-11,3777.4202,3141.63
2019-12-12,3803.2398,3168.57
2019-12-13,3828.2376,3168.8
2019-12-16,3864.0418,3191.45
2019-12-17,3842.488,3192.52
2019-12-18,3836.2326,3191.14
2019-12-19,3851.7541,3205.37
2019-12-20,3870.8899,3221.22
2019-12-23,3886.4366,3224.01
2019-12-24,3885.5404,3223.38
2019-12-25,3885.5404,3223.38
2019-12-26,3888.9719,3239.91
2019-12-27,3881.4275,3240.02
2019-12-30,3826.6736,3221.29
2019-12-31,3828.8831,3230.78
2020-01-02,3909.1811,3257.85
2020-01-03,3873.3091,3234.85
2020-01-06,3844.4145,3246.28
2020-01-07,3870.5838,3237.18
2020-01-08,3913.3234,3253.05
2020-01-09,3946.626,3274.7
2020-01-10,3942.5145,3265.35
2020-01-13,3980.0228,3288.13
2020-01-14,3970.6416,3283.15
2020-01-15,4014.3945,3289.29
2020-01-16,4043.1512,3316.81
2020-01-17,4088.0109,3329.62
2020-01-20,4090.3733,3329.62
2020-01-21,4094.1607,3320.79
2020-01-22,4109.2174,3321.75
2020-01-23,4094.421,3325.54
2020-01-24,4116.9401,3295.47
2020-01-27,4061.4362,3243.63
2020-01-28,4093.8091,3276.24
2020-01-29,4089.9039,3273.4
2020-01-30,4099.4613,3283.66
2020-01-31,4043.3574,3225.52
2020-02-03,4104.3369,3248.92
2020-02-04,4147.02,3297.59
2020-02-05,4163.6615,3334.69
2020-02-06,4159.9014,3345.78
2020-02-07,4142.0711,3327.71
2020-02-10,4180.885,3352.09
2020-02-11,4221.3412,3357.75
2020-02-12,4237.8774,3379.45
2020-02-13,4259.0916,3373.94
2020-02-14,4287.945,3380.16
2020-02-17,4272.5345,3380.16
2020-02-18,4290.508,3370.29
2020-02-19,4339.5763,3386.15
2020-02-20,4295.5468,3373.23
2020-02-21,4225.8935,3337.75
2020-02-24,4114.0335,3225.89
2020-02-25,4058.2356,3128.21
2020-02-26,4093.8074,3116.39
2020-02-27,3998.9206,2978.76
2020-02-28,4021.6057,2954.22
2020-03-02,4039.8022,3090.23
2020-03-03,4048.5957,3003.37
2020-03-04,4144.6611,3130.12
2020-03-05,4133.0966,3023.94
2020-03-06,4227.8131,2972.37
2020-03-09,4152.1461,2746.56
2020-03-10,4227.0836,2882.23
2020-03-11,4206.4015,2741.38
2020-03-12,4374.5385,2480.64
2020-03-13,4541.8631,2711.02
2020-03-16,4538.1655,2386.13
2020-03-17,4824.132,2529.19
2020-03-18,5139.224,2398.1
2020-03-19,5372.1044,2409.39
2020-03-20,4971.4188,2304.92
2020-03-23,4683.5318,2237.4
2020-03-24,4541.0476,2447.33
2020-03-25,4721.5583,2475.56
2020-03-26,4721.8601,2630.07
2020-03-27,4737.7284,2541.47
2020-03-30,4849.4629,2626.65
2020-03-31,4719.2309,2584.59
2020-04-01,4739.2119,2470.5
2020-04-02,4796.9785,2526.9
2020-04-03,4790.9172,2488.65
2020-04-06,4798.4102,2663.68
2020-04-07,4734.6494,2659.41
2020-04-08,4815.4669,2749.98
2020-04-09,4844.0126,2789.82
2020-04-13,4845.5383,2761.63
2020-04-14,4809.2293,2846.06
2020-04-15,4821.5285,2783.36
2020-04-16,4877.4514,2799.55
2020-04-17,4935.6772,2874.56
2020-04-20,4963.3162,2823.16
2020-04-21,5079.3078,2736.56
2020-04-22,5076.8873,2799.31
2020-04-23,5121.1892,2797.8
2020-04-24,5127.0415,2836.74
2020-04-27,5032.3895,2878.48
2020-04-28,4982.2308,2863.39
2020-04-29,5019.603,2939.51
2020-04-30,5058.0401,2912.43
2020-05-01,5024.257,2830.71
2020-05-04,5084.0985,2842.74
2020-05-05,5122.4183,2868.44
2020-05-06,5167.7738,2848.42
2020-05-07,5263.1968,2881.19
2020-05-08,5235.0697,2929.8
2020-05-11,5190.24,2930.19
2020-05-12,5129.4466,2870.12
2020-05-13,5215.0244,2820.0
2020-05-14,5257.2969,2852.5
2020-05-15,5244.6855,2863.7
2020-05-18,5188.3556,2953.91
2020-05-19,5200.5734,2922.94
2020-05-20,5263.0734,2971.61
2020-05-21,5216.9524,2948.51
2020-05-22,5263.7263,2955.45
2020-05-25,5312.1556,2955.45
2020-05-26,5268.0182,2991.77
2020-05-27,5117.014,3036.13
2020-05-28,5225.2538,3029.73
2020-05-29,5231.9848,3044.31
2020-06-01,5261.2225,3055.73
2020-06-02,5283.9827,3080.82
2020-06-03,5362.8023,3122.87
2020-06-04,5325.9054,3112.35
2020-06-05,5425.7611,3193.93
2020-06-08,5343.4227,3232.39
2020-06-09,5276.0008,3207.18
2020-06-10,5316.2827,3190.14
2020-06-11,5138.3515,3002.1
2020-06-12,5168.594,3041.31
2020-06-15,5190.8055,3066.59
2020-06-16,5326.4196,3124.74
2020-06-17,5376.7991,3113.49
2020-06-18,5405.5596,3115.34
2020-06-19,5399.7216,3097.74
2020-06-22,5360.0898,3117.86
2020-06-23,5400.2619,3131.29
2020-06-24,5264.3309,3050.33
2020-06-25,5330.3659,3083.76
2020-06-26,5313.5732,3009.05
2020-06-29,5307.7819,3053.24
2020-06-30,5409.6504,3100.29
2020-07-01,5454.8547,3115.86
2020-07-02,5511.9007,3130.01
2020-07-03,5512.1247,3130.01
2020-07-06,5591.0148,3179.72
2020-07-07,5576.6326,3145.32
2020-07-08,5589.4398,3169.94
2020-07-09,5590.598,3152.05
2020-07-10,5581.0549,3185.04
2020-07-13,5545.0615,3155.22
2020-07-14,5528.095,3197.52
2020-07-15,5598.6378,3226.56
2020-07-16,5563.3294,3215.57
2020-07-17,5659.5441,3224.73
2020-07-20,5799.3088,3251.84
2020-07-21,5732.1935,3257.3
2020-07-22,5760.3424,3276.02
2020-07-23,5719.6739,3235.66
2020-07-24,5541.7523,3215.63
2020-07-27,5593.6184,3239.41
2020-07-28,5539.273,3218.44
2020-07-29,5548.2913,3258.44
2020-07-30,5466.6391,3246.22
2020-07-31,5516.8063,3271.12
2020-08-03,5661.8953,3294.61
2020-08-04,5606.1645,3306.51
2020-08-05,5653.019,3327.77
2020-08-06,5644.4116,3349.16
2020-08-07,5659.4942,3351.28
2020-08-10,5614.6481,3360.47
2020-08-11,5620.4913,3333.69
2020-08-12,5692.1559,3380.35
2020-08-13,5736.4051,3373.43
2020-08-14,5644.8748,3372.85
2020-08-17,5716.339,3381.99
2020-08-18,5678.5507,3389.78
2020-08-19,5633.0103,3374.85
2020-08-20,5575.1676,3385.51
2020-08-21,5555.3445,3397.16
2020-08-24,5611.3227,3431.28
2020-08-25,5607.2103,3443.62
2020-08-26,5711.2318,3478.73
2020-08-27,5619.9743,3484.55
2020-08-28,5629.101,3508.01
2020-08-31,5602.7605,3500.31
2020-09-01,5671.2567,3526.65
2020-09-02,5790.5668,3580.84
2020-09-03,5551.3521,3455.06
2020-09-04,5412.3876,3426.96
2020-09-07,5498.9596,3426.96
2020-09-08,5379.1381,3331.84
2020-09-09,5520.718,3398.96
2020-09-10,5467.0979,3339.19
2020-09-11,5473.0586,3340.97
2020-09-14,5518.6122,3383.54
2020-09-15,5587.0221,3401.2
2020-09-16,5592.3171,3385.49
2020-09-17,5538.8554,3357.01
2020-09-18,5539.2533,3319.47
2020-09-21,5428.128,3281.06
2020-09-22,5489.3446,3315.57
2020-09-23,5489.557,3236.92
2020-09-24,5481.2333,3246.59
2020-09-25,5525.9475,3298.46
2020-09-28,5620.3868,3351.6
2020-09-29,5649.5933,3335.47
2020-09-30,5622.0419,3363.0
2020-10-01,5731.5829,3380.8
2020-10-02,5680.3863,3348.42
2020-10-05,5765.6745,3408.6
2020-10-06,5722.6198,3360.97
2020-10-07,5767.2107,3419.44
2020-10-08,5816.0747,3446.83
2020-10-09,5916.8453,3477.14
2020-10-12,6034.2071,3534.22
2020-10-13,6092.9449,3511.93
2020-10-14,6095.3921,3488.67
2020-10-15,5989.85,3483.34
2020-10-16,6023.2819,3483.81
2020-10-19,5961.2829,3426.92
2020-10-20,5913.189,3443.12
2020-10-21,5894.2465,3435.56
2020-10-22,5851.1613,3453.49
2020-10-23,5870.2909,3465.39
2020-10-26,5702.2049,3400.97
2020-10-27,5707.7614,3390.68
2020-10-28,5480.6524,3271.03
2020-10-29,5582.6482,3310.11
2020-10-30,5569.8916,3269.96
2020-11-02,5625.8719,3310.24
2020-11-03,5709.7719,3369.16
2020-11-04,5944.612,3443.44
2020-11-05,6082.4549,3510.45
2020-11-06,6100.0197,3509.44
2020-11-09,6182.6319,3550.5
2020-11-10,5961.0075,3545.53
2020-11-11,6097.1156,3572.66
2020-11-12,6072.4405,3537.01
2020-11-13,6117.1411,3585.15
2020-11-16,6199.3768,3626.91
2020-11-17,6201.5133,3609.53
2020-11-18,6183.3848,3567.79
2020-11-19,6168.8897,3581.87
2020-11-20,6234.1908,3557.54
2020-11-23,6263.5393,3577.59
2020-11-24,6343.44,3635.41
2020-11-25,6343.6905,3629.65
2020-11-26,6347.666,3629.65
2020-11-27,6383.109,3638.35
2020-11-30,6335.6186,3621.63
2020-12-01,6464.7043,3662.45
2020-12-02,6394.2516,3669.01
2020-12-03,6462.7215,3666.72
2020-12-04,6564.3766,3699.12
2020-12-07,6585.7262,3691.96
2020-12-08,6596.7212,3702.25
2020-12-09,6456.2357,3672.82
2020-12-10,6425.8572,3668.1
2020-12-11,6346.0485,3663.46
2020-12-14,6419.16,3647.49
2020-12-15,6536.1266,3694.62
2020-12-16,6561.9813,3701.17
2020-12-17,6566.3858,3722.48
2020-12-18,6604.329,3709.41
2020-12-21,6545.1327,3694.92
2020-12-22,6618.0889,3687.26
2020-12-23,6601.0638,3690.01
2020-12-24,6645.1971,3703.06
2020-12-28,6675.9125,3735.36
2020-12-29,6627.7809,3727.04
2020-12-30,6647.4562,3732.04
2020-12-31,6691.6056,3756.07
2021-01-04,6688.1772,3700.65
2021-01-05,6706.9318,3726.86
2021-01-06,6711.0368,3748.14
2021-01-07,6918.0034,3803.79
2021-01-08,6993.9801,3824.68
2021-01-11,6982.8811,3799.61
2021-01-12,7002.543,3801.19
2021-01-13,7012.9783,3809.84
2021-01-14,7094.5875,3795.54
2021-01-15,7012.9747,3768.25
2021-01-18,7019.8898,3768.25
2021-01-19,7061.5894,3798.91
2021-01-20,7130.0798,3851.85
2021-01-21,7168.4583,3853.07
2021-01-22,7132.2777,3841.47
2021-01-25,7100.624,3855.36
2021-01-26,7063.9098,3849.62
2021-01-27,6841.3031,3750.77
2021-01-28,6893.8806,3787.38
2021-01-29,6747.5731,3714.24
2021-02-01,6928.3913,3773.86
2021-02-02,7042.2802,3826.31
2021-02-03,7006.6746,3830.17
2021-02-04,7129.4759,3871.74
2021-02-05,7080.7489,3886.83
2021-02-08,7225.6307,3915.59
2021-02-09,7182.1547,3911.23
2021-02-10,7162.3905,3909.88
2021-02-11,7306.1748,3916.38
2021-02-12,7426.544,3934.83
2021-02-15,7475.4067,3934.83
2021-02-16,7524.1754,3932.59
2021-02-17,7444.0965,3931.33
2021-02-18,7356.2784,3913.97
2021-02-19,7531.8065,3906.71
2021-02-22,7371.843,3876.5
2021-02-23,7284.1408,3881.37
2021-02-24,7378.7261,3925.43
2021-02-25,7195.065,3829.34
2021-02-26,7219.157,3811.15
2021-03-01,7449.8515,3901.82
2021-03-02,7318.3249,3870.29
2021-03-03,7229.5464,3819.72
2021-03-04,6979.5095,3768.47
2021-03-05,7034.2167,3841.94
2021-03-08,6998.7657,3821.35
2021-03-09,7173.7537,3875.44
2021-03-10,7091.167,3898.81
2021-03-11,7255.3188,3939.34
2021-03-12,7216.1418,3943.34
2021-03-15,7303.1819,3968.94
2021-03-16,7335.1878,3962.71
2021-03-17,7302.1312,3974.12
2021-03-18,7237.8643,3915.46
2021-03-19,7220.3258,3913.1
2021-03-22,7328.5397,3940.59
2021-03-23,7199.5868,3910.52
2021-03-24,7249.6061,3889.14
2021-03-25,7231.1073,3909.52
2021-03-26,7475.9145,3974.54
2021-03-29,7400.3105,3971.09
2021-03-30,7454.7009,3958.55
2021-03-31,7567.3203,3972.89
2021-04-01,7741.0864,4019.87
2021-04-05,7820.3923,4077.91
2021-04-06,7849.9478,4073.94
2021-04-07,7817.7538,4079.95
2021-04-08,7857.8088,4097.17
2021-04-09,7908.284,4128.8
2021-04-12,7828.8986,4127.99
2021-04-13,7849.4177,4141.59
2021-04-14,7809.5945,4124.66
2021-04-15,7905.2287,4170.42
2021-04-16,7908.5068,4185.47
2021-04-19,7763.0431,4163.26
2021-04-20,7638.5721,4134.94
2021-04-21,7727.2636,4173.42
2021-04-22,7692.663,4134.98
2021-04-23,7805.6271,4180.17
2021-04-26,7873.8905,4187.62
2021-04-27,7826.3048,4186.72
2021-04-28,7762.6295,4183.18
2021-04-29,7791.3851,4211.47
2021-04-30,7624.3536,4181.17
2021-05-03,7607.6702,4192.66
2021-05-04,7518.8706,4164.66
2021-05-05,7648.0974,4167.59
2021-05-06,7604.1918,4201.62
2021-05-07,7685.3737,4232.6
2021-05-10,7580.2501,4188.43
2021-05-11,7511.6941,4152.1
2021-05-12,7354.8091,4063.04
2021-05-13,7419.4422,4112.5
2021-05-14,7487.7655,4173.85
2021-05-17,7401.5003,4163.29
2021-05-18,7348.4147,4127.83
2021-05-19,7297.6266,4115.68
2021-05-20,7386.5683,4159.12
2021-05-21,7420.7781,4155.86
2021-05-24,7471.2467,4197.05
2021-05-25,7467.643,4188.13
2021-05-26,7495.8098,4195.99
2021-05-27,7621.3876,4200.88
2021-05-28,7637.1106,4204.11
2021-05-31,7650.7646,4204.11
2021-06-01,7712.4652,4202.04
2021-06-02,7758.1026,4208.12
2021-06-03,7728.7908,4192.85
2021-06-04,7815.5101,4229.89
2021-06-07,7751.0701,4226.52
2021-06-08,7796.9943,4227.26
2021-06-09,7741.1432,4219.55
2021-06-10,7765.4441,4239.18
2021-06-11,7813.9583,4247.44
2021-06-14,7832.323,4255.15
2021-06-15,7806.3719,4246.59
2021-06-16,7821.3007,4223.7
2021-06-17,7871.0852,4221.86
2021-06-18,7719.1508,4166.45
2021-06-21,7796.5105,4224.79
2021-06-22,7849.1463,4246.44
2021-06-23,7873.5233,4241.84
2021-06-24,7941.1727,4266.49
2021-06-25,7966.1525,4280.7
2021-06-28,8031.9099,4290.61
2021-06-29,8123.7516,4291.8
2021-06-30,8114.0278,4297.5
2021-07-01,8065.1376,4319.94
2021-07-02,8117.7757,4352.34
2021-07-05,8137.8222,4352.34
2021-07-06,8154.3738,4343.54
2021-07-07,8225.1602,4358.13
2021-07-08,8034.339,4320.82
2021-07-09,8173.7937,4369.55
2021-07-12,8273.6024,4384.63
2021-07-13,8298.2313,4369.21
2021-07-14,8255.4785,4374.3
2021-07-15,8191.3134,4360.03
2021-07-16,8097.4829,4327.16
2021-07-19,7969.3262,4258.49
2021-07-20,8115.2922,4323.06
2021-07-21,8291.4159,4358.69
2021-07-22,8351.7469,4367.48
2021-07-23,8447.4921,4411.79
2021-07-26,8419.5213,4422.3
2021-07-27,8312.2261,4401.46
2021-07-28,8333.0298,4400.64
2021-07-29,8355.2299,4419.15
2021-07-30,8319.7243,4395.26
2021-08-02,8303.2561,4387.16
2021-08-03,8346.9374,4423.15
2021-08-04,8431.0487,4402.66
2021-08-05,8493.6229,4429.1
2021-08-06,8549.4472,4436.52
2021-08-09,8585.7458,4432.35
2021-08-10,8584.5865,4436.75
2021-08-11,8570.0791,4442.41
2021-08-12,8582.7429,4460.83
2021-08-13,8537.8461,4468.0
2021-08-16,8519.6239,4479.71
2021-08-17,8450.7427,4448.08
2021-08-18,8404.7375,4400.27
2021-08-19,8339.1916,4405.8
2021-08-20,8380.7278,4441.67
2021-08-23,8521.5714,4479.53
2021-08-24,8562.9309,4486.23
2021-08-25,8604.7347,4496.19
2021-08-26,8573.6336,4470.0
2021-08-27,8713.667,4509.37
2021-08-30,8778.972,4528.79
2021-08-31,8726.7626,4522.68
2021-09-01,8763.429,4524.09
2021-09-02,8786.6842,4536.95
2021-09-03,8753.8732,4535.43
2021-09-06,8820.5044,4535.43
2021-09-07,8808.4581,4520.03
2021-09-08,8731.8617,4514.07
2021-09-09,8769.6043,4493.28
2021-09-10,8853.0376,4458.58
2021-09-13,8791.091,4468.73
2021-09-14,8810.7004,4443.05
2021-09-15,8846.8796,4480.7
2021-09-16,8908.2621,4473.75
2021-09-17,8766.1085,4432.99
2021-09-20,8502.8014,4357.73
2021-09-21,8542.4804,4354.19
2021-09-22,8694.8369,4395.64
2021-09-23,8824.894,4448.98
2021-09-24,8739.8899,4455.48
2021-09-27,8616.6971,4443.11
2021-09-28,8333.513,4352.63
2021-09-29,8332.5801,4359.46
2021-09-30,8282.213,4307.54
2021-10-01,8232.4655,4357.04
2021-10-04,8055.1389,4300.46
2021-10-05,8205.1315,4345.72
2021-10-06,8160.3405,4363.55
2021-10-07,8276.9092,4399.76
2021-10-08,8180.9372,4391.34
2021-10-11,8165.8966,4361.19
2021-10-12,8154.1819,4350.65
2021-10-13,8224.6277,4363.8
2021-10-14,8468.2044,4438.26
2021-10-15,8568.161,4471.37
2021-10-18,8631.9348,4486.46
2021-10-19,8639.3126,4519.63
2021-10-20,8580.9762,4536.19
2021-10-21,8614.9944,4549.78
2021-10-22,8630.579,4544.9
2021-10-25,8653.3898,4566.48
2021-10-26,8729.0573,4574.79
2021-10-27,8725.7252,4551.68
2021-10-28,8883.3941,4596.42
2021-10-29,8941.748,4605.38
2021-11-01,8962.5987,4613.67
2021-11-02,9015.6849,4630.65
2021-11-03,8977.3865,4660.57
2021-11-04,9096.2867,4680.06
2021-11-05,9045.1171,4697.53
2021-11-08,9125.1244,4701.7
2021-11-09,9051.3663,4685.25
2021-11-10,8989.8784,4646.71
2021-11-11,9136.5286,4649.27
2021-11-12,9226.2352,4682.85
2021-11-15,9210.4916,4682.8
2021-11-16,9333.1443,4700.9
2021-11-17,9305.5847,4688.67
2021-11-18,9344.0199,4704.54
2021-11-19,9470.1628,4697.96
2021-11-22,9427.6634,4682.94
2021-11-23,9318.7385,4690.7
2021-11-24,9367.023,4701.46
2021-11-25,9411.8836,4701.46
2021-11-26,9054.7472,4594.62
2021-11-29,9236.839,4655.27
2021-11-30,9059.9478,4567.0
2021-12-01,9116.1895,4513.04
2021-12-02,9074.8045,4577.1
2021-12-03,8944.4385,4538.43
2021-12-06,8947.7626,4591.67
2021-12-07,9270.7706,4686.75
2021-12-08,9234.6468,4701.21
2021-12-09,9187.225,4667.45
2021-12-10,9151.376,4712.02
2021-12-13,9118.3673,4668.97
2021-12-14,8915.6637,4634.09
2021-12-15,9001.2011,4709.85
2021-12-16,9012.0396,4668.67
2021-12-17,8963.6606,4620.64
2021-12-20,8784.8574,4568.02
2021-12-21,8920.4751,4649.23
2021-12-22,9042.7217,4696.56
2021-12-23,9140.5042,4725.79
2021-12-24,9136.6596,4725.79
2021-12-27,9249.1385,4791.19
2021-12-28,9247.9132,4786.35
2021-12-29,9235.659,4793.06
2021-12-30,9237.4491,4778.73
2021-12-31,9212.9957,4766.18
2022-01-03,9185.4766,4796.56
2022-01-04,9230.3224,4793.54
2022-01-05,9086.9631,4700.58
2022-01-06,9014.5373,4696.05
2022-01-07,8891.5209,4677.03
2022-01-10,8800.9032,4670.29
2022-01-11,8913.9517,4713.07
2022-01-12,8945.3324,4726.35
2022-01-13,8939.6403,4659.03
2022-01-14,8852.9813,4662.85
2022-01-17,8955.0268,4662.85
2022-01-18,8786.2687,4577.11
2022-01-19,8689.247,4532.76
2022-01-20,8592.5149,4482.73
2022-01-21,8485.956,4397.94
2022-01-24,8528.4601,4410.13
2022-01-25,8425.9462,4356.45
2022-01-26,8370.0023,4349.93
2022-01-27,8426.0416,4326.51
2022-01-28,8531.5209,4431.85
2022-01-31,8519.2183,4515.55
2022-02-01,8477.6321,4546.54
2022-02-02,8453.5051,4589.38
2022-02-03,8224.7498,4477.44
2022-02-04,8235.8957,4500.53
2022-02-07,8198.7144,4483.87
2022-02-08,8237.138,4521.54
2022-02-09,8402.6888,4587.18
2022-02-10,8272.4745,4504.08
2022-02-11,8218.8915,4418.64
2022-02-14,8234.4873,4401.67
2022-02-15,8239.174,4471.07
2022-02-16,8306.4514,4475.01
2022-02-17,8179.4546,4380.26
2022-02-18,8231.8526,4348.87
2022-02-21,8178.2935,4348.87
2022-02-22,8126.2122,4304.76
2022-02-23,8083.679,4225.5
2022-02-24,8261.1673,4288.7
2022-02-25,8258.4771,4384.65
2022-02-28,8203.0867,4373.94
2022-03-01,8246.8062,4306.26
2022-03-02,8365.8286,4386.54
2022-03-03,8362.6115,4363.49
2022-03-04,8291.9896,4328.87
2022-03-07,8211.7107,4201.09
2022-03-08,8176.2337,4170.7
2022-03-09,8192.1349,4277.88
2022-03-10,8234.9895,4259.52
2022-03-11,8200.9096,4204.31
2022-03-14,8225.5442,4173.11
2022-03-15,8289.9394,4262.45
2022-03-16,8423.6481,4357.86
2022-03-17,8417.6534,4411.67
2022-03-18,8543.2836,4463.12
2022-03-21,8514.797,4461.18
2022-03-22,8607.5831,4511.61
2022-03-23,8523.0628,4456.24
2022-03-24,8571.3411,4520.16
2022-03-25,8578.6138,4543.06
2022-03-28,8623.5894,4575.52
2022-03-29,8533.6451,4631.6
2022-03-30,8408.8546,4602.45
2022-03-31,8350.2711,4530.41
2022-04-01,8389.3914,4545.86
2022-04-04,8461.288,4582.64
2022-04-05,8445.6209,4525.12
2022-04-06,8453.0076,4481.15
2022-04-07,8492.5484,4500.21
2022-04-08,8448.5007,4488.28
2022-04-11,8349.0243,4412.53
2022-04-12,8314.2492,4397.45
2022-04-13,8362.6128,4446.59
2022-04-14,8306.344,4392.59
2022-04-15,8306.344,4392.59
2022-04-18,8341.6854,4391.69
2022-04-19,8419.4609,4462.21
2022-04-20,8435.7203,4459.45
2022-04-21,8362.6857,4393.66
2022-04-22,8273.1718,4271.78
2022-04-25,8334.3301,4296.12
2022-04-26,8194.7593,4175.2
2022-04-27,8236.0421,4183.96
2022-04-28,8349.6905,4287.5
2022-04-29,8273.5186,4131.93
2022-05-02,8420.9726,4155.38
2022-05-03,8261.3272,4175.48
2022-05-04,8260.0828,4300.17
2022-05-05,8171.5323,4146.87
2022-05-06,8166.3823,4123.34
2022-05-09,8036.6638,3991.24
2022-05-10,8100.7729,4001.05
2022-05-11,7989.0856,3935.18
2022-05-12,8088.0733,3930.08
2022-05-13,8148.1144,4023.89
2022-05-16,8115.4429,4008.01
2022-05-17,8178.1381,4088.85
2022-05-18,8082.22,3923.68
2022-05-19,8026.5879,3900.79
2022-05-20,7999.8779,3901.36
2022-05-23,8029.385,3973.75
2022-05-24,7993.001,3941.48
2022-05-25,8032.6573,3978.73
2022-05-26,8092.3622,4057.84
2022-05-27,8254.3378,4158.24
2022-05-30,8264.7313,4158.24
2022-05-31,8236.7917,4132.15
2022-06-01,8231.1549,4101.23
2022-06-02,8234.1723,4176.82
2022-06-03,8187.0797,4108.54
2022-06-06,8246.8672,4121.43
2022-06-07,8293.4943,4160.68
2022-06-08,8169.1069,4115.77
2022-06-09,8075.0009,4017.82
2022-06-10,7963.9011,3900.86
2022-06-13,7870.2939,3749.63
2022-06-14,7861.4309,3735.48
2022-06-15,7880.1385,3789.99
2022-06-16,7656.9802,3666.77
2022-06-17,7687.1521,3674.84
2022-06-20,7661.8449,3674.84
2022-06-21,7714.8928,3764.79
2022-06-22,7610.1421,3759.89
2022-06-23,7537.5967,3795.73
2022-06-24,7687.6055,3911.74
2022-06-27,7661.0376,3900.11
2022-06-28,7619.0278,3821.55
2022-06-29,7605.2836,3818.83
2022-06-30,7524.861,3785.38
2022-07-01,7481.6571,3825.33
2022-07-04,7432.9541,3825.33
2022-07-05,7487.2006,3831.39
2022-07-06,7519.1603,3845.08
2022-07-07,7689.369,3902.62
2022-07-08,7685.3957,3899.38
2022-07-11,7694.7697,3854.43
2022-07-12,7681.9997,3818.8
2022-07-13,7644.9978,3801.78
2022-07-14,7642.9566,3790.38
2022-07-15,7647.7006,3863.16
2022-07-18,7601.0418,3830.85
2022-07-19,7770.33,3936.69
2022-07-20,7846.4366,3959.9
2022-07-21,7863.132,3998.95
2022-07-22,7796.2799,3961.63
2022-07-25,7818.758,3966.84
2022-07-26,7823.9411,3921.05
2022-07-27,7923.9848,4023.61
2022-07-28,7985.9094,4072.43
2022-07-29,8058.3487,4130.29
2022-08-01,8035.2455,4118.63
2022-08-02,8121.8665,4091.19
2022-08-03,8203.5424,4155.17
2022-08-04,8196.1496,4151.94
2022-08-05,8246.2459,4145.19
2022-08-08,8211.8375,4140.06
2022-08-09,8157.1292,4122.47
2022-08-10,8204.0642,4210.24
2022-08-11,8206.8441,4207.27
2022-08-12,8319.6392,4280.15
2022-08-15,8378.7189,4297.14
2022-08-16,8403.8083,4305.2
2022-08-17,8360.5568,4274.04
2022-08-18,8447.4232,4283.74
2022-08-19,8387.7547,4228.48
2022-08-22,8297.6063,4137.99
2022-08-23,8305.5933,4128.73
2022-08-24,8273.9373,4140.77
2022-08-25,8332.3443,4199.12
2022-08-26,8171.0479,4057.66
2022-08-29,8153.226,4030.61
2022-08-30,8095.5869,3986.16
2022-08-31,7999.5409,3955.0
2022-09-01,8022.5617,3966.85
2022-09-02,7992.2372,3924.26
2022-09-05,8004.4522,3924.26
2022-09-06,8013.3211,3908.19
2022-09-07,8026.5283,3979.87
2022-09-08,8047.6969,4006.18
2022-09-09,8124.4871,4067.36
2022-09-12,8214.7849,4110.41
2022-09-13,8107.8248,3932.69
2022-09-14,8122.4604,3946.01
2022-09-15,8041.4074,3901.35
2022-09-16,8002.3109,3873.33
2022-09-19,8004.6442,3899.89
2022-09-20,7937.9187,3855.93
2022-09-21,7967.9416,3789.93
2022-09-22,7883.6134,3757.99
2022-09-23,7822.4289,3693.23
2022-09-26,7841.675,3655.04
2022-09-27,7847.8503,3647.29
2022-09-28,7825.5193,3719.04
2022-09-29,7639.7495,3640.47
2022-09-30,7651.2374,3585.62
2022-10-03,7772.5266,3678.43
2022-10-04,7931.2266,3790.93
2022-10-05,8016.9051,3783.28
2022-10-06,8003.0456,3744.52
2022-10-07,7947.9347,3639.66
2022-10-10,7976.7928,3612.39
2022-10-11,7851.5445,3588.84
2022-10-12,7836.2612,3577.03
2022-10-13,7907.3997,3669.91
2022-10-14,7832.4057,3583.07
2022-10-17,7876.5527,3677.95
2022-10-18,7967.3497,3719.98
2022-10-19,7952.8139,3695.16
2022-10-20,7873.9999,3665.78
2022-10-21,7983.2596,3752.75
2022-10-24,8074.7438,3797.34
2022-10-25,8088.6545,3859.11
2022-10-26,7905.3704,3830.6
2022-10-27,8034.4565,3807.3
2022-10-28,8097.4435,3901.06
2022-10-31,8146.2322,3871.98
2022-11-01,8180.1754,3856.1
2022-11-02,8045.2054,3759.69
2022-11-03,8031.1542,3719.89
2022-11-04,8023.3556,3770.55
2022-11-07,8005.8948,3806.8
2022-11-08,8057.9983,3828.11
2022-11-09,8033.3685,3748.57
2022-11-10,8202.0954,3956.37
2022-11-11,8144.7968,3992.93
2022-11-14,8095.5041,3957.25
2022-11-15,8130.2656,3991.73
2022-11-16,8032.9462,3958.79
2022-11-17,8034.0736,3946.56
2022-11-18,8111.7682,3965.34
2022-11-21,8185.8158,3949.94
2022-11-22,8164.4641,4003.58
2022-11-23,8155.5267,4027.26
2022-11-24,8150.3162,4027.26
2022-11-25,8109.1055,4026.12
2022-11-28,8080.5719,3963.94
2022-11-29,8102.217,3957.63
2022-11-30,8201.4437,4080.11
2022-12-01,8097.4168,4076.57
2022-12-02,8077.8594,4071.7
2022-12-05,7961.6136,3998.84
2022-12-06,7947.9118,3941.26
2022-12-07,7914.1877,3933.92
2022-12-08,7908.764,3963.51
2022-12-09,7929.6912,3934.38
2022-12-12,7974.3213,3990.56
2022-12-13,8004.6572,4019.65
2022-12-14,7913.6295,3995.32
2022-12-15,7723.9847,3895.75
2022-12-16,7724.1939,3852.36
2022-12-19,7644.7414,3817.66
2022-12-20,7623.4983,3821.62
2022-12-21,7725.6635,3878.44
2022-12-22,7619.2574,3822.39
2022-12-23,7635.2474,3844.82
2022-12-26,7635.2474,3844.82
2022-12-27,7615.7041,3829.25
2022-12-28,7570.8399,3783.22
2022-12-29,7651.7574,3849.28
2022-12-30,7566.28,3839.5
2023-01-02,7591.8778,3839.5
2023-01-03,7708.3416,3824.14
2023-01-04,7826.0047,3852.97
2023-01-05,7812.8224,3808.1
2023-01-06,7964.5561,3895.08
2023-01-09,7949.3373,3892.09
2023-01-10,7976.5772,3919.25
2023-01-11,8054.7304,3969.61
2023-01-12,8087.9062,3983.17
2023-01-13,8147.1483,3999.09
2023-01-16,8169.5269,3999.09
2023-01-17,8181.0512,3990.97
2023-01-18,8134.852,3928.86
2023-01-19,7971.4559,3898.85
2023-01-20,8093.832,3972.61
2023-01-23,8188.3233,4019.81
2023-01-24,8210.0993,4016.95
2023-01-25,8209.8035,4016.22
2023-01-26,8440.7662,4060.43
2023-01-27,8483.8197,4070.56
2023-01-30,8419.8418,4017.77
2023-01-31,8607.1251,4076.6
2023-02-01,8689.1231,4119.21
2023-02-02,8859.5086,4179.76
2023-02-03,8948.0621,4136.48
2023-02-06,8876.7701,4111.08
2023-02-07,8913.632,4164.0
2023-02-08,8932.357,4117.86
2023-02-09,8920.9073,4081.5
2023-02-10,8888.9203,4090.46
2023-02-13,8997.2576,4137.29
2023-02-14,9045.3134,4136.13
2023-02-15,9098.6743,4147.6
2023-02-16,9109.7991,4090.41
2023-02-17,9061.4993,4079.09
2023-02-20,9017.9538,4079.09
2023-02-21,8873.3405,3997.34
2023-02-22,8855.8004,3991.05
2023-02-23,8934.3585,4012.32
2023-02-24,8851.5151,3970.04
2023-02-27,8932.9714,3982.24
2023-02-28,9023.49,3970.15
2023-03-01,8979.245,3951.39
2023-03-02,9094.9603,3981.35
2023-03-03,9205.1978,4045.64
2023-03-06,9217.55,4048.42
2023-03-07,9192.8008,3986.37
2023-03-08,9240.3534,3992.01
2023-03-09,9054.0607,3918.32
2023-03-10,8807.5168,3861.59
2023-03-13,8417.0171,3855.76
2023-03-14,8596.1927,3919.29
2023-03-15,8293.6299,3891.93
2023-03-16,8479.3109,3960.28
2023-03-17,8314.5942,3916.64
2023-03-20,8425.7294,3951.57
2023-03-21,8660.3162,4002.87
2023-03-22,8557.9719,3936.97
2023-03-23,8561.7952,3948.72
2023-03-24,8402.6446,3970.99
2023-03-27,8480.7557,3977.53
2023-03-28,8469.549,3971.27
2023-03-29,8604.6559,4027.81
2023-03-30,8715.805,4050.83
2023-03-31,8796.2885,4109.31
2023-04-03,8743.0024,4124.51
2023-04-04,8656.4556,4100.6
2023-04-05,8601.875,4090.38
2023-04-06,8606.5066,4105.02
2023-04-10,8669.5977,4109.11
2023-04-11,8701.0495,4108.94
2023-04-12,8672.6629,4091.95
2023-04-13,8773.3598,4146.22
2023-04-14,8906.1035,4137.64
2023-04-17,8855.061,4151.32
2023-04-18,8958.533,4154.87
2023-04-19,8949.0154,4154.52
2023-04-20,8894.5373,4129.79
2023-04-21,8931.4511,4133.52
2023-04-24,8940.4633,4137.04
2023-04-25,8735.827,4071.63
2023-04-26,8626.243,4055.99
2023-04-27,8695.2833,4135.35
2023-04-28,8656.3881,4169.48
2023-05-01,8685.9769,4167.87
2023-05-02,8461.8538,4119.58
2023-05-03,8491.3566,4090.75
2023-05-04,8380.0306,4061.22
2023-05-05,8580.1183,4136.25
2023-05-08,8633.6797,4138.12
2023-05-09,8641.2058,4119.17
2023-05-10,8577.2233,4137.64
2023-05-11,8626.5102,4130.62
2023-05-12,8674.3917,4124.08
2023-05-15,8710.0425,4136.28
2023-05-16,8666.0684,4109.9
2023-05-17,8681.2439,4158.77
2023-05-18,8852.6469,4198.05
2023-05-19,8866.468,4191.98
2023-05-22,8908.8101,4192.63
2023-05-23,8776.3261,4145.58
2023-05-24,8639.7297,4115.24
2023-05-25,8828.2845,4151.28
2023-05-26,9016.0585,4205.45
2023-05-29,9006.3198,4205.45
2023-05-30,8991.5603,4205.52
2023-05-31,8913.7332,4179.83
2023-06-01,8944.5818,4221.02
2023-06-02,9072.2788,4282.37
2023-06-05,9026.6131,4273.79
2023-06-06,9031.3477,4283.85
2023-06-07,8949.2836,4267.52
2023-06-08,9019.7804,4293.93
2023-06-09,9023.9729,4298.86
2023-06-12,9210.1206,4338.93
2023-06-13,9261.3299,4369.01
2023-06-14,9297.59,4372.59
2023-06-15,9207.4391,4425.84
2023-06-16,9230.1549,4409.59
2023-06-19,9189.5192,4409.59
2023-06-20,9171.9564,4388.71
2023-06-21,9089.5563,4365.69
2023-06-22,9044.019,4381.89
2023-06-23,8943.8203,4348.33
2023-06-26,8934.868,4328.82
2023-06-27,9004.1975,4378.41
2023-06-28,9097.7871,4376.86
2023-06-29,9215.1414,4396.44
2023-06-30,9311.4467,4450.38
2023-07-03,9268.4487,4455.59
2023-07-04,9222.5936,4455.59
2023-07-05,9191.7117,4446.82
2023-07-06,9016.1929,4411.59
2023-07-07,9030.5496,4398.95
2023-07-10,9099.6456,4409.53
2023-07-11,9156.6725,4439.26
2023-07-12,9179.3236,4472.16
2023-07-13,9214.482,4510.04
2023-07-14,9167.1242,4505.42
2023-07-17,9201.1674,4522.79
2023-07-18,9201.0577,4554.98
2023-07-19,9171.4178,4565.72
2023-07-20,9118.4185,4534.87
2023-07-21,9143.0912,4536.34
2023-07-24,9181.8237,4554.64
2023-07-25,9289.7951,4567.46
2023-07-26,9174.3106,4566.75
2023-07-27,9261.0553,4537.41
2023-07-28,9242.2685,4582.23
2023-07-31,9340.3994,4588.96
2023-08-01,9363.7033,4576.73
2023-08-02,9202.5758,4513.39
2023-08-03,9210.5992,4501.89
2023-08-04,9127.4326,4478.03
2023-08-07,9212.2837,4518.44
2023-08-08,9095.6836,4499.38
2023-08-09,9091.8486,4467.71
2023-08-10,9119.5477,4468.83
2023-08-11,9100.8024,4464.05
2023-08-14,9208.2759,4489.72
2023-08-15,9109.4901,4437.86
2023-08-16,9068.8373,4404.33
2023-08-17,8935.3095,4370.36
2023-08-18,8891.6533,4369.71
2023-08-21,9020.3435,4399.77
2023-08-22,9043.0891,4387.55
2023-08-23,9114.0659,4436.01
2023-08-24,9001.8732,4376.31
2023-08-25,9042.2477,4405.71
2023-08-28,9122.7166,4433.31
2023-08-29,9265.6305,4497.63
2023-08-30,9316.3683,4514.87
2023-08-31,9379.9874,4507.66
2023-09-01,9358.3896,4515.77
2023-09-04,9360.9936,4515.77
2023-09-05,9312.9196,4496.83
2023-09-06,9242.8296,4465.48
2023-09-07,9252.4634,4451.14
2023-09-08,9244.5391,4457.49
2023-09-11,9266.7869,4487.46
2023-09-12,9176.3039,4461.9
2023-09-13,9205.8286,4467.44
2023-09-14,9350.0725,4505.1
2023-09-15,9286.0363,4450.32
2023-09-18,9237.7774,4453.53
2023-09-19,9267.1682,4443.95
2023-09-20,9299.6439,4402.2
2023-09-21,9149.6255,4330.0
2023-09-22,9172.724,4320.06
2023-09-25,9180.695,4337.44
2023-09-26,9081.552,4273.53
2023-09-27,9145.3675,4274.51
2023-09-28,9216.5278,4299.7
2023-09-29,9211.6263,4288.05
2023-10-02,9173.3688,4288.39
2023-10-03,9035.9783,4229.45
2023-10-04,9075.9452,4263.75
2023-10-05,9109.391,4258.19
2023-10-06,9275.8913,4308.5
2023-10-09,9276.9775,4335.66016
2023-10-10,9425.87,4358.24023
2023-10-11,9442.4848,4376.9502
2023-10-12,9460.9096,4349.60986
2023-10-13,9346.6553,4327.77979
2023-10-16,9431.3465,4373.62988
2023-10-17,9444.1195,4373.2002
2023-10-18,9334.0765,4314.6001
2023-10-19,9183.2008,4278.0
2023-10-20,9024.7395,4224.16016
2023-10-23,9046.9218,4217.04004
2023-10-24,9071.567,4247.68018
2023-10-25,8926.7113,4186.77002
2023-10-26,8822.2598,4137.22998
2023-10-27,8828.0337,4117.37012
2023-10-30,8886.4871,4166.81982
2023-10-31,9030.579,4193.7998
2023-11-01,9166.0386,4237.85986
2023-11-02,9273.8863,4317.77979
2023-11-03,9286.3971,4358.33984
2023-11-06,9267.621,4365.97998
2023-11-07,9296.7528,4378.37988
2023-11-08,9375.3733,4382.77979
2023-11-09,9433.5523,4347.3501
2023-11-10,9494.9436,4415.24023
2023-11-13,9594.0939,4411.5498
2023-11-14,9723.29,4495.7002
2023-11-15,9739.6401,4502.87988
2023-11-16,9664.7654,4508.24023
2023-11-17,9763.4283,4514.02002
2023-11-20,9826.6152,4547.37988
2023-11-21,9796.5429,4538.18994
2023-11-22,9798.2962,4556.62012
2023-11-23,9821.0849,4556.62012
2023-11-24,9844.9247,4559.33984
2023-11-27,9831.6135,4550.43018
2023-11-28,9873.5403,4554.89014
2023-11-29,9994.1333,4550.58008
2023-11-30,10037.5077,4567.7998
2023-12-01,10150.3448,4594.62988
2023-12-04,10126.54,4569.77
2023-12-05,10148.4903,4567.17
2023-12-06,10166.6459,4549.35
2023-12-07,10163.9447,4585.58
2023-12-08,10293.5519,4604.36
2023-12-11,10486.9666,4622.43
2023-12-12,10571.5526,4643.69
2023-12-13,10581.1895,4707.08
2023-12-14,10448.3132,4719.54
2023-12-15,10527.6814,4719.18
2023-12-18,10573.4211,4740.57
2023-12-19,10587.5167,4768.36
2023-12-20,10496.0196,4698.34
2023-12-21,10520.0283,4746.76
2023-12-22,10503.8115,4754.64
2023-12-26,10510.7557,4774.74
2023-12-27,10482.802,4781.59
2023-12-28,10469.7203,4783.36
2023-12-29,10470.0067,4769.82
2024-01-02,10418.4591,4742.82
2024-01-03,10293.0199,4704.82
2024-01-04,10305.1075,4688.69
2024-01-05,10292.1414,4697.23
2024-01-08,10469.9561,4763.55
2024-01-09,10413.6247,4756.51
2024-01-10,10500.2581,4783.46
2024-01-11,10519.5381,4780.23
2024-01-12,10571.1954,4783.84
2024-01-15,10557.5226,4783.84
2024-01-16,10620.2732,4765.99
2024-01-17,10614.1392,4739.22
2024-01-18,10726.1315,4780.95
2024-01-19,10825.0178,4839.82
2024-01-22,10927.5603,4850.44
2024-01-23,10846.6061,4864.61
2024-01-24,10862.3588,4868.54
2024-01-25,10902.4304,4894.17
2024-01-26,10843.7767,4890.96
2024-01-29,10966.8214,4927.94
2024-01-30,11075.8861,4924.96
2024-01-31,11022.8673,4845.66
2024-02-01,11026.2074,4906.18
2024-02-02,11159.4391,4958.62
2024-02-05,11300.6211,4942.82
2024-02-06,11197.1863,4954.24
2024-02-07,11299.1644,4995.05
2024-02-08,11439.0712,4997.92
2024-02-09,11503.5658,5026.62
2024-02-12,11537.442,5021.83
2024-02-13,11436.0043,4953.16
2024-02-14,11505.3012,5000.63
2024-02-15,11511.4301,5029.72
2024-02-16,11439.4554,5005.56
2024-02-19,11440.95,5005.56
2024-02-20,11378.6132,4975.52
2024-02-21,11204.6109,4981.81
2024-02-22,11401.5726,5087.02
2024-02-23,11439.2996,5088.79
2024-02-26,11482.4458,5069.54
2024-02-27,11439.8719,5078.17
2024-02-28,11433.0211,5069.77
2024-02-29,11451.762,5096.28
2024-03-01,11620.8001,5137.07
2024-03-04,11662.9662,5130.94
2024-03-05,11528.1752,5078.64
2024-03-06,11569.6668,5104.77
2024-03-07,11684.3129,5157.35
2024-03-08,11536.0884,5123.68
2024-03-11,11482.5174,5117.93
2024-03-12,11625.8459,5175.28
2024-03-13,11558.2242,5165.3
2024-03-14,11625.5679,5150.47
2024-03-15,11505.6619,5117.1
2024-03-18,11515.0889,5149.43
2024-03-19,11609.3655,5178.52
2024-03-20,11694.1915,5224.63
2024-03-21,11937.2652,5241.54
2024-03-22,11956.785,5234.17
2024-03-25,11919.0173,5218.18
2024-03-26,11923.9839,5203.57
2024-03-27,11889.2535,5248.48
2024-03-28,11939.427,5254.34
2024-04-01,11991.9967,5243.78
2024-04-02,11900.1929,5205.8
2024-04-03,11928.2628,5211.48
2024-04-04,11776.8873,5147.2
2024-04-05,11914.6496,5204.35
2024-04-08,11894.8199,5202.38
2024-04-09,11775.0946,5209.92
2024-04-10,11739.8773,5160.65
2024-04-11,11886.224,5199.05
2024-04-12,11806.6975,5123.4
2024-04-15,11733.7519,5061.81
2024-04-16,11706.1124,5051.4
2024-04-17,11587.4409,5022.22
2024-04-18,11476.9355,5011.11
2024-04-19,11304.1919,4967.24
2024-04-22,11360.7576,5010.59
2024-04-23,11448.3067,5070.56
2024-04-24,11453.6222,5071.62
2024-04-25,11396.8581,5048.41
2024-04-26,11537.5675,5099.95
2024-04-29,11497.8427,5116.16
2024-04-30,11321.6159,5035.7
2024-05-01,11235.2023,5018.4
2024-05-02,11190.271,5064.19
2024-05-03,11286.2896,5127.8
2024-05-06,11368.4582,5180.73
2024-05-07,11377.3066,5187.71
2024-05-08,11460.4514,5187.66
2024-05-09,11411.8181,5214.07
2024-05-10,11541.7963,5222.69
2024-05-13,11489.6662,5221.41
2024-05-14,11595.1314,5246.69
2024-05-15,11731.9902,5308.14
2024-05-16,11631.1317,5297.09
2024-05-17,11605.822,5303.26
2024-05-20,11672.554,5308.12
2024-05-21,11605.7443,5321.42
2024-05-22,11564.9858,5307.02
2024-05-23,11583.8953,5267.85
2024-05-24,11631.1771,5304.71
2024-05-27,11634.5698,5304.71
2024-05-28,11610.9675,5306.03
2024-05-29,11535.9026,5266.96
2024-05-30,11516.8499,5235.47
2024-05-31,11467.9924,5277.5
2024-06-03,11413.2333,5283.41
2024-06-04,11358.9741,5291.35
2024-06-05,11563.6854,5354.04
2024-06-06,11554.2686,5352.95
2024-06-07,11596.5358,5346.98
2024-06-10,11681.7635,5360.78
2024-06-11,11704.1495,5375.31
2024-06-12,11871.2089,5421.02
2024-06-13,12048.1203,5433.75
2024-06-14,11984.5995,5431.61
2024-06-17,12135.6219,5473.24
2024-06-18,12171.4718,5487.02
2024-06-19,12172.5124,5487.02
2024-06-20,12141.485,5473.16
2024-06-21,12039.9927,5464.61
2024-06-24,11953.1962,5447.88
2024-06-25,12003.2165,5469.29
2024-06-26,12007.9385,5477.91
2024-06-27,11998.2889,5482.88
2024-06-28,12014.7401,5460.49
2024-07-01,11998.3837,5475.1
2024-07-02,11980.2876,5509.02
2024-07-03,12098.9991,5537.01
2024-07-04,12110.7287,5537.01
2024-07-05,12068.9277,5567.2
2024-07-08,12144.1887,5572.86
2024-07-09,12095.0705,5576.97
2024-07-10,12160.2567,5633.92
2024-07-11,12140.7567,5584.55
2024-07-12,12170.4874,5615.34
2024-07-15,12173.2882,5631.21
2024-07-16,12292.5791,5667.21
2024-07-17,12001.377,5588.28
2024-07-18,11946.2713,5544.58
2024-07-19,12015.294,5504.99
2024-07-22,12214.1294,5564.4
2024-07-23,12273.6201,5555.75
2024-07-24,11949.8393,5427.12
2024-07-25,11636.9611,5399.23
2024-07-26,11835.8913,5459.09
2024-07-29,11855.7049,5463.55
2024-07-30,11793.0462,5436.45
2024-07-31,12037.2849,5522.29
2024-08-01,11784.9013,5446.69
2024-08-02,11437.5476,5346.55
2024-08-05,11429.7825,5186.34
2024-08-06,11479.9544,5240.04
2024-08-07,11348.8445,5199.51
2024-08-08,11674.6543,5319.3
2024-08-09,11733.872,5344.15
2024-08-12,11530.657,5344.38
2024-08-13,11693.8298,5434.44
2024-08-14,11640.5398,5455.2
2024-08-15,11804.211,5543.21
2024-08-16,11762.0342,5554.26
2024-08-19,11805.3923,5608.24
2024-08-20,11758.7352,5597.11
2024-08-21,11836.1014,5620.84
2024-08-22,11849.0598,5570.65
2024-08-23,11884.4861,5634.6
2024-08-26,11760.1372,5616.85
2024-08-27,11785.9769,5625.79
2024-08-28,11782.7789,5592.19
2024-08-29,11870.7857,5591.95
2024-08-30,11992.1691,5648.39
2024-09-01,11992.1691,5648.39
2024-09-02,11921.5806,5648.39
2024-09-03,11660.8546,5528.92
2024-09-04,11668.1735,5520.08
2024-09-05,11656.7205,5503.42
2024-09-06,11423.9074,5408.43
2024-09-08,11423.9074,5408.43
2024-09-09,11614.5403,5471.06
2024-09-10,11657.8146,5495.53
2024-09-11,11828.0784,5554.14
2024-09-12,11951.5192,5595.75
2024-09-13,12058.366,5626.01
2024-09-15,12058.366,5626.01
2024-09-16,12050.5689,5633.08
2024-09-17,12078.7751,5634.57
2024-09-18,12109.4747,5618.25
2024-09-19,12411.2804,5713.65
2024-09-20,12405.7219,5702.54
2024-09-22,12405.7219,5702.54
2024-09-23,12463.392,5718.58
2024-09-24,12463.2085,5732.94
2024-09-25,12497.5391,5722.27
2024-09-26,12636.2907,5745.36
2024-09-27,12542.8029,5738.16
2024-09-30,12584.2558,5762.49
2024-10-01,12516.8197,5708.74
2024-10-02,12586.2453,5709.55
2024-10-03,12614.4301,5699.95
2024-10-04,12799.0273,5751.06
2024-10-07,12740.2787,5695.93
2024-10-08,12849.2402,5751.14
2024-10-09,12999.268,5792.05
2024-10-10,12943.5468,5780.04
2024-10-11,12993.2895,5815.04
2024-10-14,13071.5177,5859.86
2024-10-15,12936.4692,5815.25
2024-10-16,13029.6437,5842.48
2024-10-17,13119.3212,5841.48
2024-10-18,13123.8644,5864.68
2024-10-21,13138.9354,5853.97
2024-10-22,13057.2934,5851.19
2024-10-23,12986.6065,5797.43
2024-10-24,12997.6762,5809.87
2024-10-25,12953.1435,5808.11
2024-10-28,12997.8449,5823.51
2024-10-29,13059.1599,5832.91
2024-10-30,12972.1831,5813.66
2024-10-31,12830.7471,5705.44
2024-11-01,12903.464,5728.81
2024-11-04,12887.6563,5712.68
2024-11-05,13064.0354,5782.77
2024-11-06,13339.7097,5929.03
2024-11-07,13381.903,5973.09
2024-11-08,13537.6397,5995.53
2024-11-11,13698.5596,6001.34
2024-11-12,13536.9027,5984.0
2024-11-13,13586.0921,5985.39
2024-11-14,13523.8559,5949.16
2024-11-15,13373.9865,5870.63
2024-11-18,13285.3731,5893.61
2024-11-19,13349.1584,5916.97
2024-11-20,13416.8009,5917.12
2024-11-21,13694.1389,5948.7
2024-11-22,13816.0972,5969.33
2024-11-25,13643.1303,5987.38
2024-11-26,13692.961,6021.64
2024-11-27,13466.8296,5998.73
2024-11-28,13483.2784,5998.73
2024-11-29,13622.4097,6032.39
2024-12-02,13781.586,6047.14
2024-12-03,13906.0345,6049.87
2024-12-04,14026.8248,6086.48
2024-12-05,13995.2254,6075.1
2024-12-06,14124.1431,6090.28
2024-12-09,13892.2725,6052.84
2024-12-10,13741.302,6034.9
2024-12-11,14071.6873,6084.18
2024-12-12,13974.3526,6051.25
2024-12-13,14306.1484,6051.08
2024-12-16,14583.913,6074.07
2024-12-17,14347.7993,6050.6
2024-12-18,14029.7732,5872.17
2024-12-19,14117.764,5867.07
2024-12-20,14171.1169,5930.84
2024-12-23,14254.3877,5974.08
2024-12-24,14428.8255,6040.05
2024-12-26,14424.617,6037.58
2024-12-27,14225.2009,5970.85
2024-12-30,14158.4382,5906.95
2024-12-31,14117.2954,5881.62
2025-01-02,14347.2112,5868.56
2025-01-03,14454.3435,5942.46
2025-01-06,14466.6342,5975.37
2025-01-07,14408.9526,5909.02
2025-01-08,14512.7979,5918.26
2025-01-09,14549.0425,5918.26
2025-01-10,14549.1126,5827.03
2025-01-13,14510.6221,5836.21
2025-01-14,14503.8574,5842.9
2025-01-15,14645.8721,5949.92
2025-01-16,14724.0261,5937.35
2025-01-17,14963.2602,5996.65
2025-01-20,14946.3216,5996.65
2025-01-21,14987.829,6049.23
2025-01-22,15114.8417,6086.36
2025-01-23,15221.5665,6118.72
2025-01-24,15105.8389,6101.25
2025-01-27,14085.0279,6012.29
2025-01-28,14461.9711,6067.71
2025-01-29,14517.0543,6039.32
2025-01-30,14923.5496,6071.18
2025-01-31,14733.7254,6040.52
2025-02-03,14621.0682,5994.58
2025-02-04,14494.6469,6037.89
2025-02-05,14687.9917,6061.47
2025-02-06,14793.7778,6083.56
2025-02-07,14818.209,6025.98
2025-02-10,15004.1578,6066.45
2025-02-11,14883.8297,6068.49
2025-02-12,14837.9595,6051.98
2025-02-13,14833.8297,6115.08
2025-02-14,14812.7693,6114.62
2025-02-17,14848.7231,6114.62
2025-02-18,14910.6817,6129.57
2025-02-19,14840.0999,6144.14
2025-02-20,14531.4044,6117.51
2025-02-21,14219.7461,6013.12
2025-02-24,14002.0592,5983.26
2025-02-25,13992.0775,5955.26
2025-02-26,14254.9856,5956.07
2025-02-27,14172.6462,5861.56
2025-02-28,14414.6774,5954.51
2025-03-03,14073.0011,5849.71
2025-03-04,13852.0674,5778.14
2025-03-05,14036.9049,5842.62
2025-03-06,13728.4433,5738.53
2025-03-07,13741.4425,5770.19
2025-03-10,13212.7949,5614.55
2025-03-11,13336.9452,5572.08
2025-03-12,13514.5255,5599.29
2025-03-13,13347.1478,5521.53
2025-03-14,13568.2512,5638.93
2025-03-17,13589.5761,5675.11
2025-03-18,13456.9945,5614.65
2025-03-19,13719.2448,5675.3
2025-03-20,13617.6403,5662.88
2025-03-21,13640.587,5667.57
2025-03-24,13799.3862,5767.56
2025-03-25,13895.3461,5776.66
2025-03-26,13717.2555,5712.21
2025-03-27,13470.0241,5693.32
2025-03-28,13139.9811,5580.95
2025-03-31,13096.6336,5611.84
2025-04-01,13208.9106,5633.06
2025-04-02,13319.1529,5670.98
2025-04-03,12408.2992,5396.51
2025-04-04,12051.3362,5074.09
2025-04-07,12157.9428,5062.24
2025-04-08,12150.1998,4982.78
2025-04-09,13225.7564,5456.89
2025-04-10,12684.873,5268.06
2025-04-11,12826.8069,5363.35
2025-04-14,12528.9756,5405.96
2025-04-15,12560.897,5396.62
2025-04-16,12505.0744,5275.71
2025-04-17,12576.1166,5282.69
2025-04-21,12301.7237,5158.19
2025-04-22,12590.9225,5287.77
2025-04-23,12925.6842,5375.85
2025-04-24,13114.3989,5484.78
2025-04-25,13225.5817,5525.22
2025-04-28,13232.754,5528.74
2025-04-29,13318.0286,5560.82
2025-04-30,13399.1724,5569.07
2025-05-01,13584.8339,5604.13
2025-05-02,13792.5948,5686.66
2025-05-05,13734.3013,5650.37
2025-05-06,13644.0174,5606.9
2025-05-07,13707.6566,5631.27
2025-05-08,13932.1303,5663.95
2025-05-09,13907.0614,5659.9
2025-05-12,14487.3465,5844.2
2025-05-13,14528.4764,5886.54
2025-05-14,14648.0758,5892.57
2025-05-15,14632.8983,5916.92
2025-05-16,14704.2877,5958.37
2025-05-19,14722.5065,5963.59
2025-05-20,14656.9323,5940.45
2025-05-21,14453.1634,5844.62
2025-05-22,14424.8472,5842.0
2025-05-23,14342.6543,5802.83
2025-05-26,14426.6434,5802.83
2025-05-27,14645.1868,5921.53
2025-05-28,14628.3315,5888.56
2025-05-29,14579.2052,5912.18
2025-05-30,14601.282,5911.68
2025-06-02,14685.9518,5935.95
2025-06-03,14841.0611,5970.36
2025-06-04,14750.1508,5970.82
2025-06-05,14778.5502,5939.29
2025-06-06,14836.1908,6000.37
2025-06-09,14703.7128,6005.89
2025-06-10,14502.6411,6038.8
2025-06-11,14546.1676,6022.25
2025-06-12,14475.9229,6045.25
2025-06-13,14249.8815,5976.96
2025-06-16,14545.45,6033.12
2025-06-17,14417.8312,5982.73
2025-06-18,14501.272,5980.86
2025-06-19,14410.4013,5980.86
2025-06-20,14383.8868,5967.85
2025-06-23,14467.9218,6025.16
2025-06-24,14806.7198,6092.19
2025-06-25,14811.5816,6092.15
2025-06-26,14975.8578,6141.01
2025-06-27,15202.3572,6173.08
2025-06-30,15173.1637,6204.94
2025-07-01,14836.5253,6198.02
2025-07-02,14992.6632,6227.41
2025-07-03,15308.0559,6279.36
2025-07-04,15253.4706,6279.36
2025-07-07,15353.5606,6229.99
2025-07-08,15260.4675,6225.51
2025-07-09,15536.5412,6263.25
2025-07-10,15246.4357,6280.47
2025-07-11,15146.7071,6259.74
2025-07-14,15300.7004,6268.55
2025-07-15,15283.5297,6243.77
2025-07-16,15207.9593,6263.71
2025-07-17,15430.9443,6297.35
2025-07-18,15489.7804,6296.78
2025-07-21,15431.6966,6305.59
2025-07-22,15154.6949,6309.63
2025-07-23,15303.2931,6358.9
2025-07-24,15472.1266,6363.36
2025-07-25,15617.7305,6388.65
2025-07-28,15805.2761,6389.76
2025-07-29,15859.3575,6370.87
2025-07-30,16215.3417,6362.89
2025-07-31,16172.2262,6339.38
2025-08-01,15662.4418,6238.0
2025-08-04,15977.4159,6329.93
2025-08-05,16273.5639,6299.2
2025-08-06,16162.8937,6345.05
2025-08-07,16358.0696,6339.99
2025-08-08,16327.3607,6389.44
2025-08-11,16232.6146,6373.46
2025-08-12,16280.0294,6445.75
2025-08-13,16163.3172,6466.59
2025-08-14,16101.2484,6468.53
2025-08-15,15957.2212,6449.79
2025-08-18,16196.3244,6449.16
2025-08-19,16124.3913,6411.36
2025-08-20,15989.9905,6395.79
2025-08-21,15955.2441,6370.18
2025-08-22,16081.3841,6466.92
2025-08-25,16077.8796,6439.31
2025-08-26,16075.8566,6465.95
2025-08-27,16046.6269,6481.41
2025-08-28,16127.4972,6501.85
2025-08-29,15901.0671,6460.25
2025-09-01,16007.3043,6460.25
2025-09-02,15827.261,6415.53
2025-09-03,15934.3091,6448.27
2025-09-04,16114.0313,6502.09
2025-09-05,16149.2506,6481.51
2025-09-08,16348.6226,6495.16
2025-09-09,16379.6403,6512.62
2025-09-10,16789.6083,6532.03
2025-09-11,16848.5171,6587.48
2025-09-12,16813.1948,6584.28
2025-09-15,16876.4401,6615.29
2025-09-16,16526.8688,6606.77
2025-09-17,16375.4221,6600.36
2025-09-18,16564.8273,6631.95
2025-09-19,16647.1281,6664.37
2025-09-22,16623.2054,6693.74
2025-09-23,16648.1398,6656.93
2025-09-24,16520.0331,6637.98
2025-09-25,16393.2719,6604.73
2025-09-26,16451.5785,6643.71
2025-09-29,16363.9753,6661.2
2025-09-30,16439.2112,6688.47
2025-10-01,16463.5911,6711.19
2025-10-02,16552.5234,6715.36
2025-10-03,16590.5016,6715.78
2025-10-06,16556.589,6740.29
2025-10-07,16489.0718,6714.58
2025-10-08,16654.6149,6753.71
2025-10-09,16648.7409,6735.12
2025-10-10,16157.7075,6552.52
2025-10-13,16704.6928,6654.71
2025-10-14,16540.9612,6644.3
2025-10-15,16631.1312,6671.07
2025-10-16,16685.5663,6629.08
2025-10-17,16501.6947,6664.0
2025-10-20,16590.5689,6735.14
2025-10-21,16580.4025,6735.34
2025-10-22,16497.291,6699.41
2025-10-23,17022.7667,6738.43
2025-10-24,17253.6001,6791.68
2025-10-27,17453.018,6875.15
2025-10-28,17398.3099,6890.88
2025-10-29,17817.5368,6890.6
2025-10-30,17700.2523,6822.35
2025-10-31,17686.2731,6840.19
2025-11-03,17769.4283,6851.98
2025-11-04,17374.4549,6771.54
2025-11-05,17725.9802,6796.3
2025-11-06,17523.4586,6720.31
2025-11-07,17425.317,6728.81
2025-11-10,17890.7738,6832.42
2025-11-11,17767.062,6846.62
2025-11-12,17930.7848,6850.93
2025-11-13,17422.2096,6737.48
2025-11-14,17264.6433,6734.1
2025-11-17,17233.3259,6672.42
2025-11-18,16946.4355,6617.33
2025-11-19,17239.7657,6642.15
2025-11-20,16932.2402,6538.77
2025-11-21,16745.995,6602.98
2025-11-24,17380.8665,6705.11
2025-11-25,17681.1012,6765.89
2025-11-26,18013.9326,6812.6
2025-11-27,18082.8725,6812.6
2025-11-28,18238.1881,6849.08
2025-12-01,17979.0269,6812.62
2025-12-02,17929.0468,6829.38
2025-12-03,17852.8365,6849.71
2025-12-04,18104.6907,6857.13
2025-12-05,18177.5693,6870.39
2025-12-08,18439.7798,6846.5
2025-12-09,18542.772,6840.5
2025-12-10,18731.9285,6886.69
2025-12-11,18924.0849,6901.01
2025-12-12,18177.4985,6827.42
2025-12-15,18081.7724,6816.52
2025-12-16,18114.158,6800.25
2025-12-17,17893.0444,6721.42
2025-12-18,18221.701,6774.75
2025-12-19,18521.9978,6834.49
2025-12-22,18448.2979,6878.48
2025-12-23,18523.5944,6909.78
2025-12-24,18592.3831,6932.04
2025-12-26,18612.7361,6929.95
2025-12-29,18493.274,6905.73
2025-12-30,18577.5799,6896.25
2025-12-31,18430.0301,6845.49
2026-01-02,18948.7649,6858.48
2026-01-05,19089.977,6902.04
2026-01-06,19465.5325,6944.83
2026-01-07,19004.7014,6920.92
2026-01-08,18832.229,6921.45
2026-01-09,19110.5808,6966.29
2026-01-12,19394.3447,6977.26
2026-01-13,19488.2218,6963.75
2026-01-14,19396.2138,6926.59
2026-01-15,19798.975,6944.46
2026-01-16,19807.6092,6940.0
2026-01-19,19774.0809,6940.0
2026-01-20,19413.8555,6796.87
2026-01-21,19791.0351,6875.61
2026-01-22,19842.8319,6913.36
2026-01-23,19555.207,6915.62
2026-01-26,19759.7183,6950.22
2026-01-27,20125.437,6978.59
2026-01-28,20334.6379,6978.02
2026-01-29,20452.4434,6969.02
2026-01-30,20320.6882,6939.02
2026-02-02,20984.2044,6976.45
2026-02-03,21241.3955,6917.82
2026-02-04,20844.1172,6882.71
2026-02-05,20606.5307,6798.39
2026-02-06,21198.8158,6932.31
2026-02-09,21616.5102,6964.81
2026-02-10,21376.9383,6941.82
2026-02-11,21427.0519,6941.46
2026-02-12,21269.9972,6832.77
2026-02-13,21114.2977,6836.18
2026-02-16,21174.2842,6836.18
2026-02-17,21229.6793,6843.21
2026-02-18,21434.7541,6881.32
2026-02-19,21299.1108,6861.88
2026-02-20,21661.0728,6909.52
2026-02-23,21653.8254,6837.74
2026-02-24,21603.0242,6890.06
2026-02-25,21958.0752,6946.12
2026-02-26,21662.7015,6908.87
2026-02-27,21327.5985,6878.89
2026-03-02,21280.9401,6881.63
2026-03-03,20769.4377,6816.62
2026-03-04,21002.6475,6869.49
2026-03-05,20501.6342,6830.72
2026-03-06,19984.4744,6740.01
2026-03-09,20257.7605,6795.98
2026-03-10,20764.9508,6781.49
2026-03-11,20734.0345,6775.79
2026-03-12,20297.6902,6672.61
2026-03-13,20299.5711,6632.2
2026-03-16,20398.3465,6699.37
2026-03-17,20452.8169,6716.08
2026-03-18,20674.8716,6624.71
2026-03-19,20478.3841,6606.48
2026-03-20,19972.3201,6506.49
2026-03-23,20355.4606,6580.99
2026-03-24,20678.5671,6556.36
2026-03-25,20956.4025,6591.89
2026-03-26,20282.434,6477.17
2026-03-27,20169.7798,6368.86
2026-03-30,19790.7099,6343.73
2026-03-31,20276.8831,6528.53
2026-04-01,20835.0763,6575.33
2026-04-02,20781.6061,6582.68
2026-04-06,20803.577,6611.82
2026-04-07,20777.8545,6616.84
2026-04-08,21866.2716,6782.82
2026-04-09,22032.6196,6824.67
2026-04-10,22143.733,6816.9
2026-04-13,22240.534,6886.23
2026-04-14,22384.6223,6967.39
2026-04-15,22144.651,7022.96
2026-04-16,22051.5472,7041.29
2026-04-17,22532.1369,7126.05
2026-04-20,22472.8992,7109.13
2026-04-21,22343.0349,7064.02
2026-04-22,22307.4163,7137.89
2026-04-23,22281.2725,7108.41
2026-04-24,22092.4387,7165.07
2026-04-27,22088.4244,7173.92
2026-04-28,22105.3922,7138.81
2026-04-29,21965.6191,7135.96
2026-04-30,22173.4182,7209.02
2026-05-01,22024.0882,7230.11
2026-05-04,21883.4926,7200.76
2026-05-05,22302.2679,7259.21
2026-05-06,23084.6583,7365.11
2026-05-07,22810.8871,7337.1
2026-05-08,22823.9152,7398.92
2026-05-11,23317.1327,7412.85
2026-05-12,22891.4542,7400.97
2026-05-13,23205.837,7444.26
2026-05-14,23587.6521,7501.25
2026-05-15,22940.2567,7408.49
2026-05-18,22409.7444,7403.04
2026-05-19,22055.7198,7353.62
2026-05-20,22520.9112,7432.96
2026-05-21,22649.6847,7445.73
2026-05-22,22777.5511,7473.48
2026-05-25,22965.2884,7473.48
2026-05-26,23116.1702,7519.11
2026-05-27,22982.9382,7520.37
2026-05-28,22952.2264,7563.62
2026-05-29,23016.047,7580.05
2026-06-01,22939.7848,7599.95
2026-06-02,23661.262,7609.77
2026-06-03,23632.1365,7553.67
2026-06-04,23734.8937,7584.32
2026-06-05,23112.5604,7383.73
2026-06-08,23352.6536,7405.72
2026-06-09,23090.4564,7386.66
2026-06-10,22606.7223,7267.0
2026-06-11,23200.1464,7394.31
2026-06-12,23703.6175,7431.45
2026-06-15,24240.5423,7554.28
2026-06-16,24271.5738,7511.34
2026-06-17,24619.8343,7420.11
2026-06-18,25000.8286,7500.57
2026-06-19,24882.9132,7500.57
2026-06-22,25521.6372,7472.78
2026-06-23,24933.3612,7365.45
2026-06-24,25017.5422,7358.21
2026-06-25,25560.6328,7357.48
2026-06-26,24950.6283,7354.03
2026-06-29,25421.5003,7440.43
2026-06-30,25689.8747,7499.36
2026-07-01,25059.4213,7483.23
2026-07-02,24579.4402,7483.24
2026-07-03,24685.7829,7483.24
2026-07-06,24939.9145,7537.43
2026-07-07,24452.967,7503.85
2026-07-08,23967.847,7482.71
2026-07-09,24362.221,7543.64
2026-07-10,24404.7504,7575.39
2026-07-13,24162.2328,7515.34
2026-07-14,24537.8266,7543.59
2026-07-15,24219.2445,7572.4
2026-07-16,23570.401,7533.77
2026-07-17,23257.8931,7457.69
2026-07-20,23156.8368,7443.28
2026-07-21,23823.9278,7509.2
2026-07-22,23817.4324,7498.96
2026-07-23,23730.9677,7408.3
2026-07-24,23614.6319,7411.98
2026-07-27,23529.4955,7413.18
2026-07-28,22984.7816,7428.78
2026-07-29,22438.3754,7316.15
2026-07-30,23171.371,7437.63
2026-07-31,23219.2246,7489.72
2026-08-03,23577.1289,7600.5
2026-08-04,24127.1232,7736.52
2026-08-05,24194.4717,7723.55
2026-08-06,24123.6539,7709.96
2026-08-07,24121.2094,7757.64
2026-08-10,24001.3879,7753.11
2026-08-11,24033.5705,7728.2
2026-08-12,24235.3733,7748.5
2026-08-13,24003.8851,7798.99
2026-08-14,24136.6476,7785.76
2026-08-17,24105.065,7745.06
2026-08-18,25574.2781,7691.76
2026-08-19,24978.9573,7707.98
2026-08-20,24757.0523,7641.16
2026-08-21,24988.2427,7674.37
2026-08-24,24843.7832,7652.86
2026-08-25,25048.0531,7677.28
2026-08-26,25215.1843,7675.7
2026-08-27,24981.4109,7730.99
2026-08-28,24892.8386,7711.76
